ID,Answer
0,士兵
1,《諸羅縣志》
2,袁晁
3,柏林陸軍學院
4,長盤勝負
5,孫銘武
6,1874年
7,西漢的版圖向西擴張
8,郵政機關
9,醜化對方
10,周星馳
11,
12,使用跨站式車站一定得在不同的設施樓層之間移動，因此除非是利用電梯、手扶梯等設施輔助，否則會對老年人、身障人士或攜帶大件行李的旅客造成相當程度的困擾，在無障礙環境
13,anticipation
14,2007年
15,
16,休伯特•漢弗萊
17,
18,經濟
19,80公里
20,愛爾蘭語
21,荷蘭
22,硫化物
23,塞爾維亞反對黨
24,1861年
25,拜占庭外交
26,拉丁文
27,猶太基督徒
28,1974年
29,提姆·柏內茲李
30,文化大革命
31,《名人傳》
32,灣仔
33,振州
34,一種無限制的、自私、而野蠻的競爭情況
35,1964年
36,新北市
37,白色
38,沒有
39,南人
40,南宋
41,萬尼瓦爾·布希
42,46億年
43,1070年
44,社會保障法規
45,第一教學樓
46,1929年
47,東德喜劇系列
48,1932年
49,
50,康熙帝
51,工學部第一教學樓。該樓為尚未與武漢大學合併之前的武漢水利電力大學
52,1960年代
53,亞歷山大一世被刺殺
54,米利都
55,基督教
56,預覽阿爾法版本
57,100萬
58,新北市教育主管機管
59,愛心聖誕大行動
60,
61,中國國民黨
62,中生代侏羅紀
63,阿拉貢國王卡洛斯三世
64,熱帶雨林氣候
65,沒能取得勝利
66,李宗仁
67,
68,噴射發動機
69,弘治十二年
70,印度
71,2010年
72,英國
73,氦
74,城堡
75,交通運輸部
76,奧林匹克體育場
77,侯寶林
78,羽柴秀吉
79,俾斯麥
80,金泳三
81,1958年
82,靈魂
83,科龍港
84,蓋爾人
85,四次重差觀測術
86,元封二年
87,隋文帝開皇九年四月，隋滅南陳後
88,佛教
89,1861年
90,德川家康
91,三吳地區
92,複合式裝甲是由數種化學特性極為不同的材料所組成的裝甲；鋼鐵和陶瓷
93,大躍進
94,武漢水利電力大學
95,蘇利南克利奧爾人
96,1934年
97,
98,奈都夫人
99,1949年
100,大象
101,1915年
102,1600年
103,
104,美國
105,芝諾比亞
106,沈器遠
107,四
108,佛學論書
109,北海道帝國大學
110,歐登堡
111,三天
112,1944年
113,曼努埃爾二世
114,巴夏禮
115,哈林河
116,孟加拉
117,傳統音樂
118,中原
119,荷蘭語
120,威廉·洛厄爾·普特南
121,主席
122,伊斯蘭
123,王樹民
124,刺殺
125,未標準化
126,瑞派克路
127,1939年
128,施里芬計劃
129,福建林家
130,運貨
131,
132,西人黨
133,2013年
134,臺北
135,查莫洛人
136,杭縣
137,蘇聯國旗
138,38
139,1939年
140,高速攝影、間諜氣球開發
141,點石齋畫報
142,南越地區
143,1988年
144,上吊方式
145,吉米卡特
146,水鐘
147,溥[UNK]
148,阿拉里克
149,德蘇戰爭
150,髒層
151,男性
152,1949年
153,就業保障制度
154,清光緒十七年
155,
156,國共內戰戰況失利
157,保護國獨立
158,乙醚
159,唐太宗
160,卡爾梅克人
161,1969年初
162,63位
163,副大法官，那個時代典型的裙帶關係。1468年，領受鐸品成為神父，然後在1471年，祝聖為天主教阿爾巴諾羅馬城郊教區主教
164,古希臘時代
165,斯瓦希里語
166,香港九龍半島東面的海灣
167,孫中山
168,農業
169,[UNK]
170,9月4日
171,1999年
172,《天淨沙》
173,
174,公元68年
175,趙佗
176,幾何學
177,岑智明
178,建立德意志帝國告終
179,公元前362年
180,強力政府
181,28歲
182,1948年
183,保加利亞
184,三大優點
185,10度
186,日本社會黨
187,聯合國
188,波士頓
189,1992年
190,網球
191,後箱館裁判所
192,明朝
193,文藝復興
194,2000年
195,2012年
196,考古
197,1914年英、德
198,森林
199,阿森納女子足球俱樂部
200,一黨制
201,
202,1920年
203,美元
204,多倫多
205,驅動列車
206,彌爾
207,反貪污特警隊
208,艾瑪·史東
209,連續函式的訊號
210,某些早期日本佛像設計
211,國王亞歷山大一世
212,法國
213,熱帶
214,新北市位處副熱帶季風氣候區
215,聯盟合作
216,
217,克孜勒
218,三分天災
219,悼詞
220,美觀
221,中部科學園區
222,西部地區
223,1982年
224,1428年
225,皇帝
226,斯洛伐克境內。整個山系面積19萬平方千米，是僅次於斯堪地那維亞山脈的歐洲第二大山系。喀爾巴阡山脈並非連續不斷，而是分成了幾個山群。它僅有少數山峰高於2500米
227,莫斯科
228,發明家
229,2006年
230,沒有
231,《人體器官移植條例》
232,賈似道
233,鄭芝龍舊部郭懷一
234,三倍
235,質量大於0.4太陽質量
236,颱風
237,2014年
238,1968年
239,世界第六
240,
241,武隆區
242,萬神廟
243,阿美族
244,黑死病
245,2013年
246,赫爾伯特·查普曼
247,據傳在與比提尼亞國王的性行為中處於被動地位
248,2001年
249,波士頓塞爾提克隊
250,溥[UNK]
251,副主席
252,決勝局必定是單數局
253,廣東省政府委員會
254,風之國度》
255,1951年
256,漢語拼音方案
257,1984年
258,地面車站
259,
260,法蘭西第二帝國
261,
262,海布里球場
263,夜間攔截任務上，二戰時期的使用經驗延伸出兩種發展路線。一種是利用小型雷達測距儀追蹤目標的距離，協助飛行員找到最佳射擊時機，提高一般飛行員的命中率
264,哥白尼日心說
265,濃度低時
266,光緒年間
267,明朝
268,1848年
269,1979年
270,1998年
271,共同民主黨
272,《南華早報》
273,惡臭
274,佛像
275,阿聯
276,交通基建
277,前線步兵師
278,田川氏
279,以天狼星在東方地平線的出現
280,自律心肌細胞喪失了收縮性，但它們和工作心肌細胞
281,1961年
282,德語地區
283,女神大橋
284,1237年
285,東羅馬
286,劉裕
287,
288,美國律師協會
289,1654年
290,清末
291,美川王
292,胡安·林茲
293,日本
294,1954年
295,兩種
296,孟懷玉
297,鈣離子
298,383年
299,迪尼奧
300,苻堅
301,火山活動
302,利奧三世
303,拉丁字母
304,要提升飛機的飛行安全，降低因為鋼纜或者是滑輪等裝置失效導致失去控制
305,丁基羥基甲苯
306,中緬大戰
307,斯德哥爾摩
308,第三紀中新世
309,中華民國
310,高麗時期
311,靳雲鵬
312,1958年
313,馬德里議定書
314,20%
315,曹魏故都智慧之旅
316,威廉港的貨櫃碼頭亞德港
317,布爾什維克革命
318,民主黨
319,彌爾
320,紅色
321,1928年
322,期貨合約
323,十多個
324,300美元
325,
326,何應欽的推薦，楊森於民國34年1月調任貴州省政府主席。楊森在貴州當政期間，提出了「建設新貴州」的口號，並大力發展體育事業
327,元世祖
328,燃油混合動力電動自行車
329,數學
330,亞熱帶季風氣候
331,經濟
332,目前沒有觀察到任何語言純[UNK]以力道來區分不同輔音
333,朱一貴
334,飼養家畜
335,失分
336,銃炮
337,1959年
338,1980年代
339,凱·艾維
340,東漢
341,1980年
342,希伯來文
343,第一心音
344,2010年
345,武漢
346,1868年
347,托土拉島
348,美國
349,倫敦大學學院與倫敦帝國學院合併的草議曝光，此提議因事前沒有進行足夠的諮詢而惹來廣泛的批評，倫大學院的教務長德里克·羅勃茲因而被逼取消這個計劃。2005年，倫大學院獲賦予獨立頒授學位
350,越野
351,岡仁波齊
352,1973年
353,突厥
354,三菱重工業長崎造船廠
355,法西斯
356,管理不善的困擾，而現如今民主制度的恢復
357,硫礦
358,丹尼索瓦人混血
359,漢文明
360,中國
361,2000年
362,蝸牛狀
363,布列斯特-立陶夫斯克
364,1955年
365,韓國
366,維京戈達島
367,1964年
368,史都華
369,1910年
370,中亞地區
371,沙阿摩訶末時期崛起
372,1958年
373,1928年
374,激進組織
375,巴爾的摩市
376,中華民國政府
377,社團部
378,早年違反了一次
379,電子郵件
380,孔子
381,楊浦區大連路
382,2005年
383,以隱性狀態非公開方式普遍進行，長期以來，中國對處決犯人一直採取保密的措施
384,貝拉明
385,50
386,雙循環泵
387,1809年
388,無法發展
389,民國32年
390,先使用大量優勢兵力向西擊敗法國然後再掉頭往東對付俄國
391,人文角度看，下薩克森邦幅員遼闊
392,盟旗制
393,
394,國家起源
395,路易·巴斯德
396,興大
397,宣統三年九月十九日
398,1991年
399,三國史記》
400,第二次工業革命
401,突厥語
402,哈雷阿卡拉國家公園
403,坎貝爾
404,8小時
405,樂壇女王
406,民國16年
407,國立廣東大學
408,亞伯拉罕諸教
409,六億七千多萬美金
410,妖怪
411,專家
412,中文
413,氧的逸度
414,非常混亂
415,阿爾泰語系
416,阿敏
417,信陽市
418,7000名
419,
420,質量
421,科學
422,林默娘
423,鮑德溫伯爵
424,周恩來組織
425,15米
426,蘇丹南部
427,雲騎尉
428,育苗
429,
430,太陽為主的研究機構轉為研究恆星
431,那拉氏
432,辛酉政變
433,銅的礦物
434,統一企業
435,連續的日數
436,生物學
437,陳誠
438,孫中山
439,與德國單獨媾和
440,德國工業
441,九一八事變
442,1978年
443,天皇
444,680.48
445,莫比爾
446,嘉義市
447,較大發展
448,肺呼氣機制
449,五角星
450,潘諾尼亞
451,航海工業
452,阿29
453,匿蹤性能較佳
454,
455,1919年
456,一條簡單的直線
457,昆明公交和昆明城巴
458,盟旗制
459,臺南
460,腓力二世
461,南緯30度
462,1867年
463,大滿貫男子單打比賽
464,中華人民共和國
465,保守派
466,網景公司
467,《全唐詩》
468,1911年
469,1982年
470,七年
471,奧地利
472,貝爾實驗室
473,梁朝偉
474,吳三連
475,1918年
476,米勒
477,1月8日
478,掃雷艇部隊
479,哈丹於遼東高麗一帶游擊
480,赦免權
481,民國15年
482,1988年
483,波你尼
484,東晉時期
485,線傳飛控
486,開城工業園區
487,烏孜別克人
488,2555公里
489,國共內戰
490,祖王
491,茲維亞德·加姆薩胡爾季阿
492,避免造成路口交通不暢
493,魚雷
494,荀子
495,明朝
496,1935年
497,雙北合作交流平台
498,電路傳導飛控命令
499,中國政法大學
500,瓜拿納
501,二戰時期
502,水冰
503,
504,民國4年12月25日
505,馬麗娜·甘巴
506,1972年
507,社會主義最終實現共產主義
508,貝爾根
509,
510,朱棣
511,移動傳輸網路
512,低稅賦
513,小選舉區制
514,科索沃
515,抗議活動
516,自由放任
517,綠色工業
518,四年
519,段祺瑞
520,喬治
521,中永和
522,1925年
523,蝸頂
524,1950年代
525,3
526,專門
527,2002年
528,水
529,海外進行軍事冒險
530,之後當第一個用戶嘗試儲存網頁時，就會出現編輯衝突
531,整理遺產
532,生殖器官
533,經濟建設
534,中華民國臨時約法》
535,鮮蝦腸粉
536,愛國教育
537,帕吉勒提河
538,西南美麗的地方
539,天」的至高無上
540,開羅
541,1932年
542,榮茂
543,1955年
544,多倫多運輸局
545,前一世紀
546,柵欄
547,1898年
548,法國
549,保羅•狄拉克
550,藥葛羅
551,健康寫實電影
552,1956年7月
553,矮星
554,中生代
555,伊爾庫茨克國立大學
556,鐵木真
557,23406人，女性為9347人
558,1789年
559,兩個
560,臺灣省臺北市
561,大韓民國成立後，南韓人認為日占時期
562,強盛大國元年
563,馬[UNK]
564,總兵官
565,阿普列尤斯
566,哈大客運專線
567,漢風魏韻
568,自然科學
569,反文化運動
570,英國
571,趙翼
572,轟炸機
573,小型雷達測距儀
574,義大利
575,中世紀
576,耳蝸核
577,刺史
578,18個
579,至元二十九年
580,多數派
581,外興安嶺
582,陶瓷
583,1980年代
584,比利時
585,路易斯安那
586,1930年代開始工業發展，包含機械工程、紡織、食品工業等等，另一方面1918年
587,馬可·波羅遊記
588,9年
589,玫瑰盃
590,1941年2月1日
591,101公里
592,國務院常務會議
593,低倍
594,喬治亞共和國
595,1943年
596,納戈爾諾-卡拉巴赫自治權
597,陰道
598,聯邦制
599,韓國
600,氯仿
601,土耳其裔
602,瀕危物種
603,越戰
604,公民權
605,電力無法大量的儲存
606,極端大陸性氣候
607,臺灣省臺北市
608,1928年
609,加密方式各運營商也有不同選擇，華人運營商多選擇法國電信
610,霍布斯
611,1897年
612,中山盛產海鹽
613,籌備處
614,市場分析
615,滬寧鐵路上海站，因位於上海市區北側，故又稱為上海北站
616,2005年
617,家庭喜劇片
618,反對同性婚姻者，主張限制同志收養子女之自由，乃為保障子女利益、避免有無法理解男性、女性性別角色差異之機會，而影響其性別認同和性傾向。這些反對者，亦提出[UNK][UNK]
619,婦女
620,反對建文帝削藩
621,
622,史彌遠
623,社會民主黨
624,傳播色情
625,電穿孔細胞
626,哈大客運專線
627,第五區
628,最古老的活躍軍事單位
629,1982年
630,漢武帝
631,以東地區
632,企圖分裂中華民國的行徑
633,教會
634,西方文明開始衝擊朝鮮半島
635,東晉常[UNK]
636,1936年
637,預言
638,非商用
639,五桂山
640,日本竹[UNK]魚
641,嘉義市
642,製造業
643,29個
644,
645,10月23日
646,人傳》
647,元音是韓語音節
648,第二次世界大戰
649,5000噸級
650,君士坦丁堡
651,2015年年底前
652,古漢語
653,22年
654,阿列克修斯三世的女婿阿列克修斯·杜卡斯
655,阿拉里克
656,
657,1937年
658,1964年
659,16世紀末
660,科技創新
661,外太空
662,明孝宗
663,阿圖什地方，經常有來自周邊地區的穆斯林商人，在穆斯林商人與他的交流中，帶給他另一個新興世界
664,第一區
665,1925年
666,照射紫外線
667,九一八事變
668,春秋
669,人類宗教信仰和習俗的總稱
670,閩江口
671,1899年
672,牟定縣
673,尼布楚條約
674,中央窩
675,利奧三世
676,殖民主義
677,奧德
678,6萬平方千米
679,2000公厘以上，無明顯乾溼季之分；溫差小，平均溫約攝氏25~27度。以常綠闊葉樹為主。森林層次複雜，可以分成地被層、草本層、灌木層、亞喬木層、喬木層和樹冠層等。為爭取陽光，有些樹種可以長到80公尺
680,積極性
681,麥克萊倫將軍卻與原先設定的溫和派政策不合，結果大多數好戰派民主黨人都投給了林肯。1865年內戰結束後不久，林肯遇刺身亡，其副總統安德魯約翰遜繼任總統，雖然約翰遜
682,赤城鎮政府街1號
683,纖維心包
684,羅非魚
685,潘普洛納
686,法國阿爾卑斯山礦泉
687,1848年
688,臺灣府志
689,杜林
690,第265任
691,6比6
692,民國39年
693,大東書局上海印刷廠
694,傑伊條約
695,超新星
696,全斗煥
697,2007年
698,特洛依
699,司法系統
700,382年
701,軍隊編制問題
702,劉銘傳
703,韓國
704,過境時
705,許志安
706,1923年
707,畢達哥拉斯
708,2009年
709,湘西土家族苗族自治州
710,
711,少
712,元明清
713,林察、周瑞
714,大台北都會區
715,醫學領域
716,《新基本法令》
717,1962年
718,
719,越南
720,奧匈帝國
721,俄羅斯
722,白矮星內的電子簡併物質
723,咖啡因
724,司馬元顯
725,階梯狀
726,漳州人
727,6個小時
728,1866年
729,分發式政策
730,呂驥
731,90年代
732,金日成
733,第一
734,威廉·莫里斯
735,波吉亞家族，誕生於西班牙瓦倫西亞
736,1787年
737,朱元璋
738,南郡
739,1898年
740,守舊派
741,蘇聯國旗相仿，五角星為社會主義國家，如北韓、越南
742,端敬王后
743,中生代
744,約瑟普•布羅茲•狄托
745,中國共產黨
746,有什麼問題
747,計劃生育
748,蘇聯
749,內閣
750,維多利中心
751,恆星
752,嚇阻鳥群
753,華人富有
754,
755,日本
756,分子雲內部
757,鮮卑部落
758,鮑德溫伯爵
759,1918年
760,1939年
761,
762,巴黎條約
763,1970年
764,威斯康辛大學麥迪遜分校
765,乾燥
766,麻赫穆德·喀什噶里
767,奢侈品
768,資格賽賽制
769,周駿龍
770,民國16年
771,13世紀
772,三監之亂
773,周恩來
774,馬略的軍事改革對羅馬歷史的發展有著深遠影響。改革擴大了兵源，增強了軍隊戰鬥力，但同時也使軍隊性質逐漸發生變化，為日後的軍閥出現以及軍事獨裁的建立奠定了基礎，馬略一
775,至元十三年
776,妖怪
777,60年代
778,圖西族
779,聖餐持紀念說
780,空腹死刑
781,三國志
782,木星
783,長沙太守
784,凝固是指在溫度降低時，物質由液態變為固態的過程，物質凝固時的溫度
785,2002年
786,上海
787,比利時
788,濃硫酸
789,科學革命
790,兄弟國的盟約
791,2011年
792,二氧化硫
793,1979年
794,義大利
795,農業
796,卡拉恰伊湖
797,趙昀
798,霍諾里烏斯
799,南京
800,共和黨
801,百濟
802,二戰的爆發
803,1976年
804,上海人
805,1949年
806,麻省理工學院
807,夫妻關係
808,1946年
809,礦產資源
810,1449年
811,1970年
812,隆武帝
813,1914年
814,孫叔敖
815,《三千年豔屍記》
816,雙汗制
817,
818,民權運動
819,中華全國體育協進會改為中華全國體育總會
820,外在的因素造成光度的變化，像是食雙星，還有極端的情形是由恆星自轉
821,武狀元蘇乞兒
822,1956年
823,《產假和保護婦女兒童權利法》
824,投資環境轉差
825,中華民國國軍
826,扶餘王子朱蒙因與其他王子不和，逃離夫餘國
827,人民頻繁的遷移
828,公元前12世紀
829,網際網路版權問題的存在
830,
831,英國
832,1927年
833,突厥汗國
834,寧都會議
835,捷運機場線等國際工程實施
836,太陽
837,1941年
838,妖怪學
839,1987年
840,同性婚姻
841,松溪河、清漳河、濁漳河；西部主要有瀟河、烏馬河、昌源河、惠濟河、龍鳳河、靜升河。汾河
842,關漢卿
843,張學良
844,陳平順
845,主序帶
846,厄德
847,整個站體都位於天橋上的車站
848,2007年
849,外蒙古
850,青銅時代
851,天皇
852,朝鮮白頭山
853,德國人
854,2014年
855,羅馬帝國
856,重力
857,第一目擊者
858,生物演化發生
859,1987年
860,韓國
861,祖沖之
862,圖西族
863,法文老師
864,阿瓦魯阿
865,廉興
866,基因特質
867,印地語
868,貝拉明
869,康熙帝
870,土地起伏大
871,分娩
872,民國43年
873,地質類學科
874,中國科學技術大學校長
875,咖啡因
876,倫提尼安一世
877,2000年6月
878,一日生活圈
879,美西戰爭
880,尊漢思想
881,蒂羅爾
882,
883,開架式販售
884,1910年革命
885,洛邑
886,蒙漢通婚
887,杜慧度
888,憲政改革
889,英國
890,斯塔福德郡
891,義熙十四年
892,劉少奇
893,2002年
894,小學
895,人類想像與傳說之中，難以運用科學方法證明其真偽
896,東德使館
897,2008年
898,1949
899,恆星
900,顯微注射
901,馬可波羅
902,新羅馬
903,上海鐵路局
904,離岸人民幣
905,《倫敦條約》
906,第四次迦太基大會
907,自主選擇權，需要開具引產證明。在生育自主權上，未婚女性不具有使用精子庫
908,大質量的恆星燃燒燃料
909,加拿大軍隊
910,120天
911,1950年代
912,文藝復興
913,行為不檢點
914,文藝復興式
915,楚州人
916,1590年
917,1989年
918,維斯特施塔德地區
919,民主德國廣播電台
920,最遙遠的星團
921,1584年
922,郭守時
923,
924,商業
925,1948年
926,67個
927,1月1日
928,2000年
929,義大利拉帕洛
930,黑龍江
931,私立大學
932,3座
933,華僑的聚集所在
934,石虎
935,林紹良
936,汪大淵
937,英語
938,[UNK]稻
939,宋真宗
940,120%
941,約翰·胡佛局長
942,9月
943,其副汗或小汗多帶有伊利的的稱號
944,唐德剛
945,路易十四
946,韓國
947,0.07個太陽質量
948,福建人
949,民國28年
950,李煥之
951,
952,核膜間隙
953,石排灣
954,正教
955,八角鼓
956,歐洲鋼鐵產量會下降
957,文化大革命
958,1642年
959,徐載弼
960,拔都
961,德魯修斯
962,芝加哥大學
963,船業
964,射擊斷續器
965,紐格威森林
966,2012年
967,斐迪南·德·雷賽布
968,屋大維
969,166年
970,科學
971,市場經濟
972,1963年
973,亞歷山大六世
974,1789年
975,悼念周恩來集會
976,
977,1958年
978,各國佔地不大
979,涵元門
980,趙翼
981,漢文
982,12次
983,科學社會學
984,約1138公頃
985,中華人民共和國村民委員會組織法》
986,荷蘭
987,聯合國專家
988,票房
989,內陸地區
990,國大黨
991,白[UNK]紀滅絕事件
992,毒品
993,異端邪說
994,1252年
995,元朝
996,1932年
997,1972年
998,新式鐵製蒸汽船
999,文森特
1000,環境保護主義
1001,國會結構
1002,1946年
1003,工農紅軍
1004,柏卡牌相機
1005,1991年
1006,
1007,矮星
1008,基督
1009,1999年
1010,亞歷山大漢密爾頓
1011,中國
1012,1960年，詹姆斯·史都華以導演奧圖·普萊明傑1959年
1013,國務委員會委員長
1014,紐約尼克
1015,預付
1016,東校區
1017,100
1018,第一代
1019,匈奴
1020,17日
1021,貴族
1022,工程化核酸酶
1023,伊薩克二世
1024,統帥
1025,外部刺激
1026,蔣中正
1027,
1028,武漢行營副主任
1029,躲避戰亂
1030,江東
1031,64%
1032,狄拉克
1033,蠻族事務局
1034,1826年
1035,英語
1036,寧都會議
1037,舊石器時代
1038,166年
1039,荀子。荀子
1040,集團軍
1041,半日制學堂
1042,被禁止
1043,屋大維
1044,韓語
1045,倫敦霍洛威
1046,佛教
1047,烏爾蘇拉
1048,1964年
1049,南方超大陸岡瓦那大陸
1050,儘快統一
1051,挪威
1052,越戰
1053,馬西米連諾遇害，另一件事是?[SEP]樂麗宮會見了墨西哥皇后比利時的夏洛特。夏洛特請求拿破崙提供支援，遭到拒絕。她隨後患上了精神疾病
1054,南華縣
1055,英國
1056,李紳
1057,路面電車
1058,四帝共治制
1059,
1060,1939年
1061,唐軍
1062,荊州劉表
1063,慶元
1064,北平綏靖公署主任
1065,羅馬日爾曼法系
1066,石油危機
1067,秦朝
1068,奧斯陸峽灣
1069,1920年
1070,硫代硫酸氨
1071,《金雲翹傳》
1072,89萬人
1073,1910年
1074,1627年
1075,環境污染
1076,羅德城
1077,唐生智
1078,夏季
1079,新北地方法院
1080,戴克里先
1081,6世紀
1082,98所
1083,甘肅省天水市
1084,決勝局
1085,東城坊鎮
1086,耶穌會
1087,
1088,破四舊
1089,三次
1090,獲得大寧地區的駐牧權
1091,俗語
1092,郭松齡
1093,
1094,邊督辦公署，在普洱設雲南省第二殖邊督辦公署
1095,明朝
1096,1967年
1097,多功能性
1098,1932年
1099,吉田定房
1100,世稱恭順
1101,氣候可根據不同氣象要素的平均範圍和特殊範圍進行分類，最常採用的變數為溫度和降水量。其中最常使用[UNK]氣候分類系統
1102,抗日戰爭
1103,募兵制
1104,南越國
1105,汗位取得不合法
1106,奧東·德拉羅什
1107,皇后大道東一帶。灣仔海岸線歷年不停的隨著填海外移。1841年建築皇后大道
1108,帕塔普斯科河
1109,1945年
1110,義熙十一年
1111,戰時研發商
1112,赫爾辛基
1113,《男人四十》
1114,羅馬帝國
1115,1846年
1116,日俄戰爭
1117,邱行湘
1118,合會朱陸
1119,幾個同夥，在這些島嶼上建立了阿希佩戈拉公國
1120,阿拉伯半島
1121,塞爾維亞
1122,加州尤巴城
1123,君主
1124,天下人
1125,外蒙古
1126,提姆·柏內茲李
1127,朱序
1128,石油危機
1129,
1130,1992年
1131,康拉德·阿登納
1132,倭國
1133,聖奧古斯丁
1134,大約公元185年
1135,弱勢群體
1136,大正天皇駕崩，皇太子裕仁
1137,四牌樓紀念基金
1138,中國歷代
1139,義輝
1140,美國總統選舉
1141,中華人民共和國衛生部
1142,人人平等
1143,斯拉夫人
1144,第4
1145,聯邦制
1146,1799年
1147,波多黎各
1148,瑞士蘇黎世州
1149,七月初四帶兵包圍了燕王府。朱棣假意將官屬全部捆縛，請二人進府查驗。二人進府後，朱棣派出府內死士將其擒獲，並連同府內叛變的葛誠、盧振一同處決。當日夜
1150,英國
1151,329440元銀元
1152,民國34年
1153,50元
1154,
1155,9局
1156,秧苗
1157,七個
1158,劉少奇
1159,卡加梅
1160,93位
1161,天城體
1162,[UNK]
1163,財務分析
1164,耕牧
1165,海軍中尉
1166,德川家康
1167,捨棄機炮
1168,1836年
1169,敘利亞
1170,新移民
1171,德里克·羅勃茲
1172,伊斯蘭教
1173,環保運動
1174,哥廷根亨德爾國際音樂節
1175,繞城高速
1176,繼續懷孕會有危險
1177,法國
1178,歐幾里得
1179,本頓
1180,通州張家灣
1181,製導
1182,《血盟救國軍軍歌》
1183,珠三角
1184,聽診器
1185,法國殖民地。他又在第二次鴉片戰爭和太平天國起義之中，維護了法國在華利益
1186,唯泰主義
1187,1970年代
1188,海峽兩岸服務貿易協議
1189,阿魯台
1190,自由主義
1191,1874年
1192,每一聲波周期
1193,五島烏龍麵
1194,李克強
1195,河東道
1196,超文字
1197,
1198,熱帶稀樹草原
1199,韓國
1200,國民政府軍事委員會將山西劃為第二戰區，組織成立了第二戰區長官司令部，代替太原綏靖公署職權，設司令長官1人，由閻錫山
1201,63個
1202,46公里
1203,十六世紀
1204,帕多瓦大學
1205,
1206,廈門市
1207,1891年
1208,
1209,發展局
1210,極端稀薄
1211,北京電視台
1212,[UNK]州縣實際解散
1213,十月革命
1214,英國
1215,美國大學協會
1216,教育投入
1217,
1218,開京
1219,美國大蕭條
1220,為了解決元成宗時期的財政危機
1221,騎士
1222,明文
1223,蔣介石
1224,全印穆斯林聯盟
1225,後受通古斯人壓力
1226,喇嘛教
1227,鎌倉時代
1228,日冕
1229,建設中國特色社會主義
1230,劉裕
1231,阿里烏教派
1232,鮑德溫伯爵
1233,佛教
1234,周代
1235,
1236,臺北市
1237,鄧小平
1238,南斯拉夫聯盟
1239,武陵
1240,殺蟲
1241,法國大革命
1242,自由韓國黨
1243,
1244,二十世紀
1245,積極進攻
1246,電極
1247,1898年
1248,義大利汽車之都
1249,火箭發動機
1250,工作心肌細胞
1251,軌道上驅動列車
1252,馬格德堡待了一年，教導他的是中世紀晚期出現的共同生活弟兄會的教士。1498年14歲，他的父母將他送到大城埃森納赫方濟會辦的聖喬治拉丁文學校
1253,23年
1254,1948年12月1日
1255,元武宗因愛育黎拔力八達有功，冊封他為皇太弟，相約武宗系
1256,土地稅法
1257,魏博拉盧比民達行業工會
1258,文章奧府
1259,繁衍後代所需基因物質產生的方式
1260,尚吉巴
1261,瓊州海峽
1262,安德魯約翰遜
1263,普林斯頓大學
1264,83年
1265,釣魚台國賓館
1266,伊達政宗
1267,解釋恆星內部和恆星演化的模型被成功的發展出來
1268,民國15年
1269,金融廳
1270,潘章
1271,約翰·莫根
1272,1960年
1273,第二代
1274,日美神奈川條約
1275,北京市
1276,
1277,哈利里德
1278,低可偵測性
1279,柏拉圖
1280,波蘭人
1281,六四事件
1282,
1283,改良式
1284,雙簧、數來寶、快書、京韻大鼓、單弦、太平歌詞及京劇
1285,二人
1286,1880年
1287,世界各地
1288,八月
1289,上層學科認知科學
1290,廣府話
1291,傑瑞·威斯特
1292,粳稻
1293,挪威
1294,1800個
1295,中國郵政集團公司
1296,沒有誠意
1297,「我們是一個民族！」
1298,克拉斯諾達爾邊疆區與阿布哈茲接界處、黑海沿岸，是俄羅斯受歡迎的渡假勝地。2013年有人口368011人。索契是蘇聯作家尼古拉·奧斯特洛夫斯基
1299,福島縣會津地區
1300,1913年
1301,土地撥贈法案
1302,德魯修斯
1303,洛杉磯快艇
1304,腓力五世
1305,牡丹峰樂團
1306,印度
1307,3座
1308,周敦頤
1309,沃爾普斯韋德
1310,朱利烏斯·凱撒
1311,豫
1312,1919年
1313,1133515人
1314,喃字
1315,排灣族部落
1316,牛津大學
1317,普選制度
1318,大韓帝國
1319,2015年
1320,1959年
1321,民主黨
1322,水田
1323,戡亂建國教育實施綱要
1324,488年
1325,病態賭徒
1326,
1327,外太空
1328,
1329,雅爾達協定》
1330,奧地利
1331,1913年
1332,美國
1333,鐵
1334,拿破崙
1335,廣東省
1336,玫瑰盃
1337,羅馬法
1338,心理學
1339,希臘
1340,拉丁字母
1341,《[UNK][UNK]條約
1342,卡普拉
1343,聯邦成員
1344,24英吋克拉克望遠鏡
1345,生物質
1346,秘書處
1347,空氣汙染
1348,2300
1349,類比訊號
1350,
1351,視錐細胞
1352,人口眾多
1353,威廉二世
1354,政治局擴大會議
1355,京大事件
1356,君士坦丁大帝
1357,國際網球總會
1358,年代末
1359,
1360,盛庸、鐵鉉追擊，大敗燕軍，收復德州。濟南之戰結束。九月初十，朱允[UNK]升鐵鉉為山東布政使，參贊軍務，不久後升兵部尚書；封盛庸
1361,外交手段
1362,1887年
1363,2008年歐洲足球錦標賽是第十三屆歐洲國家盃，於2008年
1364,畢達哥拉斯
1365,2010年
1366,1918年
1367,阿普伽新生兒評分
1368,魯宗之
1369,被明朝擊退
1370,大韓帝國
1371,2012年
1372,生物動力學
1373,印度洋暖濕氣流
1374,太白山脈
1375,日俄戰爭
1376,控制面變形
1377,民國十八年至二十六年間
1378,太白山脈
1379,一萬兌一
1380,10名
1381,反蘇運動
1382,1996年
1383,1985年
1384,18世紀
1385,顯示自己的獨立自主
1386,公元前三世紀
1387,九龍灣
1388,1920年代
1389,1997年
1390,牛津大學默頓學院
1391,張學良
1392,越南人
1393,1914年
1394,越來越受國際注視
1395,2300多種
1396,化石燃料
1397,女性
1398,40倍
1399,1953年
1400,白色
1401,1856年
1402,鳳伽異
1403,反革命事件
1404,夫人王光美
1405,理察·科伯恩
1406,西德
1407,1624年
1408,15%
1409,江青
1410,奈及利亞
1411,美國
1412,1979年
1413,質量大於0.4太陽質量
1414,農田
1415,低地方言德語
1416,2013年2月28日
1417,1973年
1418,代達爾豪斯侯爵詹姆斯·布朗-拉姆齊為了繼續吞併全印度，推行「無嗣失權
1419,
1420,科學家
1421,10萬人
1422,忽都虎
1423,抗佝[UNK]病
1424,南島語系
1425,7
1426,預算限制
1427,梅里亞姆-韋伯斯特字典》定義，獨裁政體
1428,
1429,元代
1430,43人
1431,限制性消化
1432,劉氏
1433,模特兒
1434,兩層
1435,志費尼
1436,中國共產黨
1437,《鋼鐵是怎樣煉成的》
1438,1994年12月1日
1439,梅艷芳
1440,錫克教
1441,1986年
1442,開拓史》
1443,水上人漁民
1444,省級公園
1445,哈利里德
1446,伊斯蘭教
1447,徐樹錚
1448,明太祖建國後論
1449,宣誓
1450,英屬維京群島
1451,對空警戒
1452,外國不可能介入內戰
1453,南朝鮮
1454,古代查莫洛社會
1455,公共救濟
1456,日本
1457,大學
1458,九龍灣
1459,廣州鐵路管理局
1460,佛教
1461,陳朝
1462,奧斯陸
1463,有色人種
1464,共產國際
1465,漢諾威
1466,中央電視台高清綜合頻道
1467,石亭之戰
1468,蘇蒙修好條約》
1469,主體史學
1470,心室底壁組織
1471,
1472,1884年
1473,第二產業
1474,俄羅斯
1475,杜登
1476,光度
1477,社會主義市場經濟
1478,吐谷渾
1479,
1480,正德十一年
1481,陳興道
1482,奧地利
1483,赫爾德瓦爾
1484,莫萊-明托改革
1485,沙俄軍隊
1486,200萬立方公尺
1487,黑龍江
1488,2003年
1489,北角、冊魚涌舊樓區:這一帶的人口以閩籍為主要多數，是銅鑼灣
1490,新界原居民
1491,蔣中正
1492,大和國
1493,印度教
1494,頻率理論難以解釋人而對聲音頻率
1495,有性生殖
1496,
1497,母親病危
1498,第十五屆
1499,鬍鬚
1500,阿拉巴馬州
1501,鋤草祭
1502,[UNK]-15
1503,2005年
1504,客車整備
1505,1980年
1506,1958年
1507,納戈爾諾卡拉巴赫的亞美尼亞人同意創建一個獨立的國家。雙方都不滿意一個留在亞塞拜然內而加強納戈爾諾-卡拉巴赫
1508,
1509,路易斯一世
1510,《時代》雜誌
1511,極權主義
1512,斯特-立陶夫斯克條約》
1513,路易·勒沃
1514,
1515,後燃器
1516,曼諾球場比賽了20年，直至1913年才搬往海布里球場。海布里球場
1517,東吳
1518,愛德華一世
1519,沒有花瓣
1520,1938年
1521,歧視情況而很不快樂
1522,獻縣張莊
1523,蓋茲
1524,陸秀夫
1525,華人
1526,
1527,塘沽協定
1528,鄂溫克
1529,1897年
1530,巴拉克·歐巴馬
1531,2003年3月4日
1532,考慮造形、機械功能之外，還得另外考慮到產品生命周期和創造使用者的需要
1533,發展局
1534,杭州[UNK]橋機場
1535,勃艮地人
1536,百日攻勢
1537,管理所屬行政區域的地方官員
1538,興王
1539,衛奕信
1540,非歐幾里得幾何
1541,2009年
1542,文峰塔
1543,忽必烈
1544,花垣縣
1545,未來以任何方式著陸埃歐的探測器都不需要安裝隔熱板來保護儀器
1546,惠金斯原理
1547,松花江
1548,電子、化學、海洋及潔淨工程學，並興建了新的教學大樓
1549,兩年
1550,1994年
1551,便於管理漢地
1552,喬托號
1553,最高人民法院允許了這一請求
1554,烏里雅蘇臺將軍
1555,拿破崙
1556,1945年戰爭結束，於9月21日
1557,蔡[UNK]
1558,中國
1559,《刑部大理寺狀》
1560,澳大利亞新南威爾斯州
1561,
1562,聖方濟·沙勿略
1563,羅馬共和國時期
1564,細毛
1565,韓國
1566,南固臺
1567,圖西族
1568,五名
1569,五個
1570,張三祿
1571,15世紀
1572,《風雲人物》
1573,劉琮
1574,高血壓
1575,劉裕
1576,中國郵政集團公司章程》
1577,保護環境、推進生態環境健康
1578,城市物質形態
1579,環境保護主義
1580,773年
1581,懷柔區
1582,七間
1583,民間反應不佳
1584,光緒十年
1585,1950年代
1586,希臘語
1587,2008年歐洲足球錦標賽
1588,肌源性
1589,加拿大
1590,七個
1591,安定
1592,萬國郵聯
1593,乾旱
1594,《內戰記》
1595,新北市
1596,甲午戰爭
1597,普羅蒂奇辭職，中立的米倫科·韋斯尼奇接任
1598,1910年
1599,拉丁字母
1600,1935年
1601,英華字典》
1602,8.6%
1603,浙江海商
1604,巴西
1605,歐洲聯盟委員會
1606,天壇建築的主要設計思想就是要突出天空的遼闊高遠，以表現「天」的至高無上
1607,美國
1608,加加林
1609,七年戰爭
1610,100米
1611,咖啡因中毒
1612,國民政府
1613,漢江
1614,有毒
1615,社會主義
1616,財務部
1617,1993年
1618,射擊斷續器
1619,5位
1620,芽孢炭疽桿菌
1621,1945年
1622,北宋，初置懷羌縣，後為甘青蕃人轄領。金代
1623,導演
1624,1988年
1625,果敢」號
1626,英國
1627,天主教
1628,冷戰期間
1629,鐵鉉
1630,傑瑞·威斯特
1631,《義勇軍進行曲》
1632,棉花
1633,卡洛·埃馬努埃萊一世
1634,郭沫若
1635,遊牧民族
1636,漢化
1637,恆星
1638,勒拿河
1639,厄德
1640,羅馬共和國中後期
1641,當時儒教興盛
1642,放人
1643,奧斯陸
1644,
1645,哈大客運專線
1646,亞熱帶常綠闊葉林
1647,1937年
1648,普法戰爭
1649,傑弗里·德維爾阿杜安
1650,約翰·莫根
1651,耐腐蝕性
1652,咸豐二年
1653,咖啡因
1654,革命外交」政策
1655,1972年
1656,怯薛
1657,汪精衛
1658,體育部
1659,單斜棱晶體
1660,直系
1661,水牛城勇士
1662,蔣中正
1663,七月初六
1664,賽丁泉天文台
1665,殖民政策
1666,[UNK]染色體
1667,日本
1668,16世紀
1669,大陸性氣候帶
1670,配子
1671,胡安娜
1672,邱行湘
1673,德克薩斯州石牆郡
1674,皖系軍閥
1675,楚州人
1676,1964年
1677,1967年
1678,主人
1679,哲布尊丹巴
1680,司馬休之
1681,負責制訂政策，並由各有關部門負責執行
1682,1861年
1683,3月3日
1684,既有的漢字
1685,安托萬·拉瓦錫
1686,伊斯蘭教
1687,壓力梯度
1688,管叔鮮
1689,參議院
1690,
1691,盧安達法郎
1692,皖南獨立團為基幹的皖浙贛獨立團
1693,德川家康
1694,經濟蕭條
1695,世族
1696,1853年
1697,新加坡
1698,民國34年
1699,1270年
1700,電路傳導飛控命令為基礎上開發，更重要的是可以有多部電腦介入飛控系統操作，飛行員只需下達動作指令，至於達成指令所需的機身、動力系統
1701,三個
1702,香山縣南朗翠亨村
1703,俄羅斯
1704,庄[UNK]
1705,江河級
1706,1996年
1707,21473平方公里
1708,非婚生
1709,颶風
1710,世界氣象組織
1711,大秦
1712,海河流域
1713,忽必烈
1714,約700
1715,中國溧陽茶葉節
1716,全市綠化比例高
1717,飛獄成，寺官聚斷，咸謂死有餘罪」。大理寺按律：「臨軍征討，稽期三日者，斬。」一般史家皆同意岳飛的死是件從頭到尾都是件冤案
1718,
1719,漢地
1720,民國三十六年11月21日至23日依憲法規定舉行第一屆中華民國國民大會代表選舉，民國三十七年1月21日至23日則舉行第一屆中華民國立法委員選舉；同年3月29日
1721,7980年
1722,1962年
1723,青島海軍基地
1724,姑臧
1725,票務櫃臺
1726,恩琴
1727,波蘭進入戰時狀態，實行軍事管制。據事後蘇聯方面材料透露，如果當時波蘭當局失去對局勢的控制，蘇聯將毫不猶豫地利用華沙條約集團進行軍事干預
1728,西方遊客
1729,視網膜神經節細胞
1730,黎元洪
1731,宋美齡
1732,越南
1733,第二次世界大戰
1734,1961年
1735,白光
1736,
1737,1966年
1738,奈特·麥克米蘭
1739,無佛像時代
1740,1977年
1741,白色
1742,自由聯合
1743,未能
1744,英國
1745,暫住證制度
1746,《劃一現行各道地方行政官廳組織令》
1747,高朱蒙
1748,1948年
1749,蒸汽膨脹
1750,隋[UNK]帝
1751,石碇區石碇里
1752,日本
1753,美國心臟學會
1754,大英帝國
1755,《八篇書》
1756,德軍
1757,阿爾薩斯-洛林
1758,路易十四
1759,合作派
1760,思覺失調症
1761,泰晤士河爆發大惡臭
1762,兩個
1763,1990年代
1764,圖蘭人
1765,24%
1766,韓國
1767,後現代主義
1768,1828年
1769,布里昂·維伯
1770,大會同意後任命之，負責調解與仲裁學生自治相關事務。行政中心
1771,西安招待所
1772,前12年
1773,湯瑪斯傑佛遜
1774,安太歲
1775,郵值標籤
1776,席哈克略皇帝
1777,1989年
1778,宙斯
1779,農耕節
1780,俄國革命
1781,沿用舊戰術
1782,李[UNK]
1783,殘局
1784,四清
1785,科學命名
1786,愷撒
1787,10
1788,會稽
1789,英國
1790,木衛一也稱為「埃歐」或「伊俄」，是木星的四顆伽利略衛星中最靠近木星
1791,愛滋病毒
1792,1993年
1793,外蒙古
1794,張聞天
1795,不再建立便宜
1796,法家
1797,五個
1798,通古斯地區過於偏遠
1799,安大略湖
1800,香蕉
1801,
1802,劉駿
1803,神聖的匯流點
1804,浮動
1805,林奈
1806,詹姆斯
1807,意識形態的原因，對私有財產的保護一直處於缺位
1808,59歲
1809,飛機
1810,1928年
1811,5個
1812,[UNK]時的黑體輻射
1813,曼哈頓
1814,清咸豐年間
1815,瓦倫斯
1816,陳逸安
1817,繩文人和大洋洲的諸民族都有與丹尼索瓦人
1818,甲醇
1819,
1820,牛隻列印問題
1821,荷蘭
1822,合作派
1823,中國
1824,1591年
1825,1941年
1826,細胞核
1827,將閥門的操作自動化
1828,發生十月革命
1829,薩哈林州
1830,為了維護毛的權威，仍然參與到以空前的高調呼籲對毛的個人崇拜的浪潮
1831,幅員遼闊，選舉人數超過三百萬
1832,1943年
1833,多倫多市
1834,城市化
1835,膨脹
1836,儒勒·凡爾納
1837,一種非常常見的無味無臭的非金屬，純的硫是黃色的晶體
1838,資產負債表
1839,德川家康
1840,日本
1841,
1842,古曰雞籠，或稱淡水
1843,檀君古朝鮮
1844,1789年
1845,漢諾瓦國立劇院
1846,泰勒斯
1847,32.8%
1848,繼續進行
1849,鮑羅廷
1850,杜林
1851,金合歡
1852,13倍
1853,黃埔軍校
1854,紅樓夢》
1855,1932年
1856,1920年
1857,雲南
1858,20世紀初
1859,電子郵票
1860,儒字
1861,突厥
1862,剛果民主共和國
1863,馬克思主義
1864,成熟階段
1865,求其放心
1866,吠陀
1867,1950年代
1868,
1869,湯·韋迪加
1870,麥羅沃州
1871,傑弗里·德維爾阿杜安
1872,太空載具
1873,雙位數
1874,東亞一夫一妻多妾制
1875,腓特烈二世
1876,義大利
1877,2000年
1878,1932年
1879,東西合璧混合文化
1880,路易-菲利普
1881,桑海帝國
1882,給我一個膠帶
1883,近代宗教，是印度教巴克提派的虔信運動和伊斯蘭教蘇菲派一神論
1884,1865年
1885,周叔蓮
1886,1924年
1887,德國財政局
1888,9%
1889,楊宇霆
1890,法國
1891,詹姆斯·史都華
1892,周恩來
1893,漳州協守劉國軒
1894,環境污染
1895,板橋藍綠實力相當，在層級較高的選舉中往往具有特殊指標性；而雙和、土城、新店、汐止屬於藍營
1896,國務會議
1897,
1898,加拿大式雙打
1899,后妃傳
1900,關原之戰
1901,金門
1902,電氣化鐵路
1903,資治通鑑》
1904,2007年
1905,中華民國實業部
1906,1966年5月至1973年4月，是中國人民解放軍防管時期。1966年5月，中央決定撤銷公安部隊，邊境防衛和管理任務交由中國人民解放軍擔負。第五次調整是1973年
1907,
1908,京大校園
1909,約翰·洛克菲勒
1910,1960年代末
1911,1596年
1912,埃德溫·哈勃
1913,阮攸
1914,有絲分裂
1915,議會制
1916,1981年
1917,東西伯利亞喇嘛教則例
1918,莫斯科
1919,五分之一
1920,《德意志語言正字大詞典》
1921,魔獸英雄傳
1922,
1923,《渡假留香》
1924,日本
1925,
1926,法國
1927,水門事件
1928,中山目前仍有多項公路建設工程進行或準備中，如連接中山與深圳的深中大橋，以及中江高速，廣珠中線二期，縱二線北段中山港大橋擴建工程，翠亨快線，斯364線
1929,閻錫山
1930,1997年
1931,托爾金
1932,龍興之地
1933,中國政府因開放市場的需要
1934,阿伊努人
1935,1917年
1936,3.8%
1937,煤炭發電站和天然氣
1938,艾森豪
1939,3400萬
1940,單手反拍
1941,帕西瓦爾·洛厄爾
1942,二二八事件
1943,黑色
1944,澎湖
1945,二氧化硫可以在肺中與水結合成亞硫酸，亞硫酸
1946,理學
1947,1998年
1948,渝懷鐵路
1949,毛澤東
1950,1950年
1951,高輻射的環境
1952,維基媒體
1953,生物質
1954,1939年
1955,清朝末年
1956,城堡
1957,哲學原理研究
1958,1999年迅速增長9.5％。2001年8月15日
1959,65歲及以上人口
1960,加勒比海
1961,1455年
1962,鄧穎超
1963,經典
1964,傳統音樂
1965,提防燕王謀反
1966,奧地利
1967,
1968,恢復市場的功能
1969,北非的希波大會
1970,中華民國政府
1971,1834年
1972,淋巴液
1973,償命
1974,1901年
1975,十八歲
1976,近年
1977,端午節
1978,阿布海兒汗時代
1979,音速巡航，他們還是繼續使用後燃器作為必要時的緊急能量補充
1980,1312年
1981,1888年
1982,
1983,[UNK]-90
1984,宦官與宮女
1985,兩
1986,對日抗戰
1987,1989年
1988,元武宗
1989,天文學家
1990,毛澤東
1991,英國
1992,國際非政府組織
1993,
1994,中部科學園區
1995,台北市立體育場
1996,曹議金
1997,冷戰
1998,1955年
1999,收容遣送制度
2000,中國國民黨
2001,《寂靜錢鍾書》
2002,狄拉克
2003,金黃飽滿
2004,移民實邊
2005,水軍
2006,黨
2007,吸熱過程，核融合
2008,劉少奇
2009,瑞士洛桑國際管理學院
2010,
2011,著陸
2012,有感於本人對基本人權的認識社會現實與官方宣傳的巨大差異及對受壓制人民的同情。世界上許多在人權維護上有經驗和成就的國家，積極和中國大陸政府展開人權領域的對話與合作
2013,丹尼爾奧爾特加
2014,幾何學
2015,1954年
2016,《風之國度》
2017,蠻族事務局
2018,阿格旺多傑
2019,首席的元老
2020,11世紀
2021,阿普列尤斯
2022,德國人、義大利人和來自東歐的猶太人
2023,光度
2024,亞科卡尋求美國政府援助，1979年12月國會通過克萊斯勒貸款法案
2025,省務會議
2026,1610年1月7日
2027,荷蘭
2028,獨立後法定國
2029,咸豐二年
2030,六四天安門事件
2031,衛星電視是通過接收人造衛星轉播過來的電視訊號節目的電視廣播方式。衛星電視的傳輸過程一般為：通過衛星將地面基站
2032,通俗的
2033,數百萬克耳文
2034,哭泣
2035,1948年
2036,1987年
2037,洪堡
2038,1847年
2039,唐睿宗
2040,1968年
2041,不動產
2042,寫首字母為「[UNK]·ㄎㄟ·ㄨㄞ」
2043,林肯總統
2044,養殖漢諾瓦馬、歐登堡馬和其他血統的馬是不少下薩克森邦人的業餘愛好和職業
2045,元末民變
2046,畜牧業
2047,
2048,1599年
2049,3個
2050,
2051,吸引選票
2052,段祺瑞
2053,普魯士
2054,高句麗
2055,外蒙
2056,普顏不花
2057,學會部
2058,林肯總統
2059,科什圖尼察
2060,80%
2061,將反托拉斯法
2062,500毫升
2063,古代
2064,民國元年
2065,蒙古人
2066,正德十一年
2067,閏盤
2068,
2069,經濟學人智庫
2070,劉少奇
2071,旭烈兀得知蒙哥於南征南宋時去世的消息
2072,瀧川
2073,莫高窟
2074,電穿孔細胞
2075,馬切拉塔
2076,2次
2077,1924年
2078,梁啟超
2079,期貨合約
2080,洋馬兒
2081,通貨膨脹
2082,1935年
2083,彌次郎
2084,外傭
2085,縱貫鐵路山線段或是東部幹線宜蘭段，由於坡度較高，通常貨運列車
2086,環保主義
2087,李察·賓特利
2088,逃港者
2089,柏拉圖
2090,宗教法
2091,塔蘭托戰役
2092,下納瓦拉
2093,阿爾卑斯山
2094,孫中山
2095,1957年興辦人民公社至1984年
2096,何鳳山
2097,一億光年
2098,1995年
2099,紅矮星
2100,日語
2101,德意志邦聯
2102,19世紀
2103,草本
2104,涵元殿
2105,奧斯卡·赫特維希
2106,1971年
2107,
2108,段祺瑞出山任國務總理，最終段祺瑞
2109,免疫
2110,民國18年
2111,人口總數
2112,1913年
2113,法國東部
2114,灣仔
2115,拉丁語
2116,美國
2117,畢達哥拉斯
2118,愛格思海金斯公司的建築師
2119,世界的中心
2120,第53
2121,工業革命
2122,耶穌會
2123,一次世界大戰時期
2124,大量安眠藥
2125,史坦波中心
2126,《科學怪人》
2127,詹森
2128,第一架
2129,德國
2130,
2131,
2132,劉裕
2133,中共中央副主席
2134,香巴尼和阿杜瓦
2135,心肌
2136,普洱專區
2137,一方
2138,英國倫敦溫布頓
2139,陳質
2140,1569年
2141,佐世保最大的造船企業。大島造船
2142,申城
2143,德川家
2144,河川
2145,岩石圈
2146,香港日治時期
2147,反托拉斯法
2148,1925年
2149,新界鄉村的代表
2150,德國
2151,亞熱帶
2152,1966年
2153,日本
2154,戡亂建國教育實施綱要》
2155,西南方言
2156,第二個地點為俄羅斯車里雅賓斯克
2157,王藍
2158,南成旭
2159,建興郡
2160,
2161,漢字
2162,絲綢之路
2163,5642米
2164,殺蟲劑中毒
2165,
2166,共和黨
2167,積水潭
2168,羅曼努斯二世的兒子巴西爾二世和君士坦丁八世
2169,南奧塞提亞自治區
2170,浮動
2171,農業
2172,秋天
2173,將兩國國界以黑龍江為基本界限劃清
2174,拔陶兒島
2175,雲南省
2176,美國
2177,扶植農業
2178,林邑王陽邁一世
2179,艾瑪·史東
2180,一大批來自原第三帝國東部的難民想要在這個地緣遼闊的邦找到棲身之地
2181,聯邦在內戰中取勝
2182,玉泉北路
2183,1789年
2184,280天
2185,旅遊業
2186,柏拉圖
2187,質學院
2188,2007年
2189,國家歷史文化名城
2190,維基媒體基金會
2191,
2192,道里根加河
2193,研究占星術
2194,
2195,最佳演唱團體獎
2196,胡氏
2197,防火能力
2198,現代精神醫學
2199,機炮
2200,山口鐵五郎
2201,法國坎城影展
2202,接合
2203,第三心音
2204,李白
2205,世襲制度
2206,韓國海關
2207,奧地利
2208,2010年
2209,牛胃氣膨脹
2210,中源
2211,古典
2212,受道家老子思想的用詞影響
2213,伸展台模特兒
2214,印第安納大學俱樂部
2215,電磁波研究
2216,1950年代
2217,西緣
2218,農業
2219,東芝
2220,新北市
2221,川本芳昭
2222,敘利亞
2223,15
2224,商業貿易
2225,抗議活動
2226,2002年
2227,620年
2228,民國2年
2229,第一公民
2230,現代主義
2231,天主教
2232,美利堅聯盟國
2233,克勞狄二世
2234,1951年
2235,1858年
2236,數學科幻
2237,心室底壁組織
2238,菲律賓為世界強國美國唯一的殖民地，華人和美國人都集中在馬尼拉，第一大城市馬尼拉教育，商業等都遠超香港、新加坡，而上海、孟買更望塵莫及，此時民初1913年菲律賓
2239,湯瑪斯·勃蘭契特·瑞德
2240,
2241,超音速
2242,[UNK]-51
2243,繩文時代新石器時代
2244,民國27年
2245,模擬別人的言行
2246,1897年
2247,李察·賓特利
2248,印尼
2249,康熙四十八年
2250,僑寓州
2251,爾法學院
2252,28個協商國有權表決和通過決議，而其他22個非協商國則只能列席會議
2253,克里米亞戰爭
2254,國防部空軍司令部
2255,北京
2256,1945年
2257,清軍
2258,世稱恭順
2259,1972年
2260,2013年
2261,哈薩克語
2262,佳木斯
2263,1918年
2264,太陽
2265,翼身融合
2266,基督教
2267,聯合國人權委員會
2268,庫里爾台
2269,
2270,頭
2271,賓夕法尼亞州大學
2272,環境污染
2273,穀類作物
2274,毛奇
2275,[UNK]染色體
2276,後代
2277,熱帶草原氣候
2278,王白駒
2279,劉備
2280,
2281,寶鼎二年十二月
2282,非金屬材料
2283,道格拉斯
2284,玉米
2285,東羅馬帝國
2286,三個
2287,民國25年
2288,松花江
2289,美國
2290,宋理宗
2291,哈雷彗星
2292,2008年
2293,南北韓高級別會談
2294,紅水河
2295,丹尼索瓦人
2296,斯芬·佩斯
2297,2013年
2298,大道東
2299,下薩克森邦
2300,副熱帶濕潤氣候
2301,1200萬名
2302,督憲
2303,1999年
2304,29.48萬人
2305,1998年
2306,林天宏
2307,富利
2308,12個
2309,西伯利亞
2310,櫻花大道
2311,焦爾達諾·布魯諾
2312,國際網球協會
2313,幽州
2314,類推
2315,四清
2316,刺史
2317,
2318,1180年
2319,三歲
2320,健康問題
2321,雷焦卡拉布里亞國家考古博物館
2322,阿克爾自治市
2323,香港人
2324,都市發展
2325,西班牙
2326,布爾人是19世紀荷蘭移民農戶的後裔。其中的大多數已經在1975獨立後離開。蘇利南的猶太人
2327,子宮收縮
2328,一卡通
2329,
2330,金礪
2331,河川
2332,外國人
2333,孫中山
2334,金銀珠寶
2335,10世紀
2336,1939年
2337,郵政機關發行，供寄遞郵件貼用的郵資憑證
2338,噪聲
2339,奧古斯都
2340,中源漾水河、南源玉帶河三個源頭，均位於陝西省漢中市內。中源漾水河發源於寧強縣東北部，流程較短。南源玉帶河
2341,空軍
2342,音樂
2343,《四十二章經》
2344,薩沃亞家族
2345,工業
2346,海因利希・弗格勒
2347,第五套
2348,景洪市
2349,《韓國憲法》
2350,爭取陽光
2351,《失落的故事集》
2352,1918年
2353,200米
2354,原始宗教
2355,1區
2356,博物學
2357,杭州
2358,機鼻進氣口
2359,1970年
2360,馮特
2361,彰化市民代表會
2362,法國大革命時期
2363,明朝
2364,2012年
2365,朱德
2366,陳湯銘
2367,漢武帝時期
2368,1958年
2369,東經
2370,西排立
2371,主語
2372,主序帶
2373,量子光學
2374,大清帝國光緒14年2月21日臺灣郵政總局頒布的臺灣郵政條款十六條及3月22日郵政業務正式運行辦理
2375,1938年
2376,2014年
2377,杜老誌夜總會
2378,2007年
2379,法國
2380,恢復到戰前的狀態
2381,西方
2382,鞏固自己及子孫的統治
2383,蒙古語
2384,甲醇
2385,元太宗
2386,15625億日元
2387,印度教經文
2388,1222年
2389,904年
2390,北非作戰階段
2391,公有制占主導，凡是國有企業
2392,1987年
2393,工程化核酸酶
2394,金軍
2395,巴西
2396,加拿大式雙打
2397,心球
2398,漢御史大夫王朗
2399,40年
2400,2901.3平方公里
2401,桃園市
2402,郭守時
2403,高等學校新生入學考試制度
2404,消除雲層頂部一部分，因此；如果平流霧歷久不散，能見度驟降
2405,學習偉大領袖毛澤東
2406,19世紀
2407,檀君古朝鮮
2408,康熙帝
2409,楊亨燮
2410,清宣宗時代
2411,蒙漢兩元政治
2412,士兵
2413,三國史記
2414,四次
2415,林彪
2416,統治階級
2417,1960年代
2418,錫克教
2419,慢病毒載體
2420,社會輿論
2421,1603年
2422,一分
2423,三個國家公園內，全國其它地區則以梯田農業占主導地位。紐格威森林
2424,2002年
2425,
2426,新石器時代
2427,孔齊
2428,海因里希·赫茲
2429,1958年
2430,世界氣象組織
2431,通貨膨脹
2432,1888年
2433,布政司署
2434,35%
2435,天主教
2436,第二產業
2437,1958年
2438,2010年
2439,柏樹林
2440,7920公里/小時
2441,仙台市
2442,史和平
2443,裝飾
2444,哈爾濱
2445,2000年
2446,義和團事變
2447,混合苦膽的酒
2448,
2449,關島組織法
2450,2008年
2451,第五次調整
2452,彼得二世
2453,19世紀晚期
2454,豐富銀礦
2455,合不勒汗
2456,高句麗
2457,察合台汗國
2458,民國15年
2459,49.3萬人
2460,巴納德
2461,量子光學
2462,
2463,哈德遜河
2464,全國地圖正保御國繪圖
2465,民國3年
2466,投保人
2467,主序帶的階段
2468,坎貝爾式
2469,港島區
2470,沙阿摩訶末時期
2471,實權仍掌握在他們的母親手中
2472,中華人民共和國憲法》
2473,二十歲
2474,打比賽
2475,中村法道
2476,
2477,阿忽台
2478,391年
2479,英國精神醫學期刊
2480,
2481,1260年
2482,13小時
2483,氦
2484,戰基處營區土地
2485,蒙古貴族
2486,
2487,黑死病
2488,第二次世界大戰
2489,卡胡盧伊
2490,硫酸
2491,氮化硫
2492,十名
2493,1972年
2494,都市計劃
2495,色指數
2496,哲布尊丹巴
2497,止痛
2498,50名
2499,虞亮
2500,煤煙消除會
2501,公民化
2502,宏碁
2503,國民政府時期
2504,海因里希·赫茲
2505,傻瓜塔
2506,朱棣
2507,五桂山
2508,匹茲堡
2509,威廉·赫歇爾
2510,格子型系統
2511,《動員戡亂時期臨時條款》
2512,下游
2513,1990年
2514,花垣鎮
2515,東部
2516,毒品
2517,7%
2518,韓國
2519,代表她連開28場與30場演唱會，事業如日中天
2520,莫斯科，與蘇聯交涉日內瓦世界和平會議事宜前，和蘇聯領導人酒宴後酒醉，事後周恩來向黨中央和毛澤東作檢討，毛澤東原諒並調侃道應該「和對方比吃辣椒」；第三次是招待宴請
2521,泰國
2522,農民階層
2523,孔恩
2524,索契
2525,普里默斯、米齊格
2526,求精中學
2527,臺灣獨立
2528,新天皇光明天皇
2529,托木斯克
2530,葛摩
2531,1897年
2532,臺灣自救運動宣言》
2533,詳細規劃
2534,十億年
2535,1486年
2536,英國
2537,1970年代
2538,1500公里
2539,南極條約協商會議
2540,布里亞特人
2541,建炎二年
2542,民國時期
2543,6月1日
2544,前279年
2545,中國大陸
2546,西元前1534年
2547,庫納巴拉班
2548,1899年
2549,釋迦牟尼
2550,1960年代
2551,1640年
2552,
2553,威尼斯人
2554,東涌線
2555,是女低音
2556,1便士郵票改用紅色印刷，1841年2月10日
2557,1999年
2558,2005年7月21日
2559,古代小說總集，該書描寫一千多年前戰國時代
2560,國家預防腐敗局
2561,風能是與風速的三次方成所正比，所以風機高度愈高，發電量愈多
2562,大學生研究計劃
2563,重災區
2564,1994年
2565,王亞南
2566,司徒拔道
2567,八零年代
2568,1234年
2569,日本
2570,瑞派克路
2571,晶片製造商中的重要成員。在1980年代東芝與日本電氣是世界上最大的兩家半導體
2572,第二代
2573,居民委員會和村民委員會
2574,康熙三十二年
2575,重工業
2576,臺灣郵政總局
2577,1952年
2578,十二月屠殺的事件中，多達15位的政治反對領袖遭到執政政府的暗殺
2579,驅逐艦
2580,1917年十月革命
2581,張成澤
2582,收藏者
2583,公元1世紀
2584,1923年
2585,有「新臺北／臺北／北部新設之市」的涵義
2586,二氧化硫
2587,興十一年
2588,烈女義坑
2589,河川
2590,日本政府施行管理權力，這也意味著島嶼理論上在經石垣市市政府
2591,廣東籍
2592,卡拉布里亞
2593,自由派
2594,1990年代
2595,秋明州
2596,倫敦煙霧事件
2597,好萊塢
2598,自由
2599,韓國
2600,不穩定性
2601,常於9－10月回到黑龍江、烏蘇里江等河中產卵
2602,亨利克萊
2603,歐美國家
2604,洛東江
2605,赫爾伯特·查普曼
2606,噪音過大
2607,廿八歲
2608,濟南
2609,1961年
2610,印度國民軍士兵大審判
2611,榮休教宗
2612,
2613,2比1
2614,美利堅合眾國眾議院為美國國會兩院之一，另一院為參議院
2615,1861年
2616,1991年
2617,臺灣自17世紀開始有歷史文字紀錄以來，曾經歷多個本土與外來的政權統治。最近一次更動為1945年10月25日起由中華民國接管。此外，未曾統轄臺灣的中華人民共和國也聲稱擁有領土主權
2618,1953年12月
2619,白[UNK]紀滅絕事件
2620,2008年1月27日
2621,曼莫漢·辛格
2622,刺激性
2623,八一四空戰
2624,
2625,1895年
2626,
2627,黑森邦
2628,漢江
2629,拒絕投降
2630,
2631,第53
2632,保羅•狄拉克
2633,失分
2634,阿群
2635,特殊黨員
2636,中國
2637,蔡素玉
2638,加拿大
2639,工藝上的難度不獲好評
2640,
2641,2008年
2642,4個
2643,溫州
2644,下薩克森邦
2645,《宅地法
2646,洛克菲勒紀念教堂
2647,駐越美軍
2648,郵票
2649,高房價
2650,1849年
2651,2016年9月30日
2652,效益主義
2653,解放軍
2654,1946年
2655,伊斯蘭教
2656,元弘之亂
2657,8月
2658,伊斯蘭教蘇菲派一神論
2659,暴雪
2660,第二次世界大戰
2661,
2662,理論心理學
2663,西方墨點法
2664,上升
2665,唐朝
2666,戰鬥機
2667,克萊蒙梭
2668,240℃
2669,國家邊海防委員會
2670,洋馬兒
2671,中部科學園區
2672,1802年
2673,特瓦族
2674,個性溫和的雕塑
2675,麻州
2676,杜林
2677,庫侖阻力
2678,多數私立中式學校都面對的問題
2679,運動
2680,耶穌會
2681,愷撒
2682,贊格祖爾
2683,土地改革
2684,捷克斯洛伐克
2685,2013年
2686,忠孝橋
2687,麥可
2688,1960年10月1日，宣布獨立，但仍是大英國協成員國。1963年
2689,高崗
2690,1925年
2691,海水淡化
2692,64%
2693,花崗岩錐狀島嶼
2694,
2695,1779年
2696,馬來西亞
2697,人本主義
2698,首爾塔洞公園
2699,61票贊成，37票反對，7票棄權
2700,漢人
2701,電視第一次作為公開產品
2702,3%
2703,
2704,戰爭
2705,什錦麵
2706,馬克思主義
2707,東歐
2708,民國79年
2709,蔣中正
2710,阿爾比派
2711,鈍吻鮭和隆頭[UNK]在英語國家中都會視爲鮭魚
2712,政府禁止摩托車上路行駛的城市區域
2713,占城稻
2714,早已不滿北條氏專制政權
2715,之後當第一個用戶嘗試儲存網頁時
2716,史都華
2717,昆明公交公司
2718,2010年
2719,古典主義
2720,開發獨裁體制
2721,2008年
2722,納粹黨
2723,國民政府
2724,拿破崙
2725,1980年
2726,漢魏故城
2727,1980年代
2728,五色旗
2729,威廉一世
2730,微波訊號
2731,35號
2732,1702年
2733,失去控制的問題，對大型飛機相隔距離很遠的控制面也可以提高反應與效率
2734,
2735,同盟國
2736,1944年
2737,臺灣國語
2738,布里斯托爾
2739,目前河運
2740,伏爾加河
2741,國際動物命名委員會
2742,黃金自由貿易
2743,歐陽玄
2744,耗資6億美元、世界上規模最大的集中式太陽能發電站
2745,大韓帝國
2746,
2747,第265任
2748,蒸汽機車
2749,死亡
2750,40人
2751,阿拉瓦克印第安人
2752,皇后大道東
2753,[UNK]集團
2754,兩馬赫
2755,12個
2756,蘿蔔糕
2757,伽利略
2758,1875年
2759,裏海
2760,1863年
2761,1880年
2762,1637年
2763,1804年
2764,杜林是一國際化的歐洲城市，杜林
2765,2017年
2766,毛利家
2767,
2768,尹伊桑
2769,拿破崙
2770,267年
2771,11月祭
2772,中華人民共和國
2773,愛格思海金斯
2774,阿拉巴馬州
2775,1994年
2776,蘇維托尼烏斯
2777,黃龍元年四月丙申，孫權稱帝，國號吳，改元黃龍，是為吳大帝
2778,傑斐遜·戴維斯
2779,1867年
2780,70%
2781,狩獵採集
2782,制
2783,國民黨
2784,入學考試
2785,擔心引起教會勢力的強烈反彈
2786,伊斯蘭哈里發軍隊
2787,鄂圖曼
2788,1986年
2789,古代
2790,二戰結束之後，現在下薩克森邦所在區域的大部分面積屬於英占區的管轄範圍。為了在自己的占領區內建設面積足夠大的邦，當時的英國占領當局在1946年11月8日建立了以漢諾瓦作為邦首府的下薩克森邦。1946年12月9日第一屆邦議會成立。然而並不是通過選舉產生，而是由英國占領當局任命。1951年4月13日
2791,制度性
2792,心血管疾病
2793,中心
2794,元朝
2795,硫酸
2796,義大利戰爭
2797,1980年超級基金法
2798,大有國
2799,納粹德國
2800,募兵制
2801,1933年
2802,2015年
2803,羅禪征伐
2804,19世紀
2805,阿爾卑斯山以北的歐洲人
2806,
2807,大滿貫
2808,華沙
2809,伯力
2810,外交政策
2811,
2812,8世紀
2813,約翰二世·科穆寧皇帝
2814,凡爾賽宮
2815,北海道帝國大學
2816,2008年
2817,信陽市
2818,地區邊界
2819,電腦介入飛控系統
2820,動物命名法
2821,2016年
2822,1789年
2823,總指揮
2824,國際動物學會議
2825,提防燕王謀反
2826,金靴獎
2827,克拉科夫
2828,考古學證明天文學
2829,邦特蘭
2830,萊茵河
2831,氧化亞氮
2832,那次會議的結果
2833,孫叔敖
2834,攻占納哈出的金山
2835,期貨交易所
2836,內燃機
2837,銀熊獎
2838,1968年
2839,靜止心率
2840,中華人民共和國與中華民國便開始主張日本將釣魚臺
2841,10名
2842,1989年
2843,武昌起義
2844,直接管理寺院周圍13莊政教事務
2845,殺傷力大
2846,第一波新政
2847,非歐幾里得幾何
2848,1976年
2849,地球大氣層及其他天體之外的虛空區域
2850,第2758號
2851,1980年代
2852,何應欽
2853,1859年
2854,考古學家在印度海岸線上挖掘出大量的羅馬錢幣證明了羅馬與印度之間存在貿易往來。為了更好的與羅馬帝國進行貿易活動
2855,財務部
2856,阮彌之
2857,粵西
2858,羅斯托克港
2859,印度河文明
2860,约瑟夫·斯卡利格
2861,寧波人
2862,維多利亞港
2863,中文搜尋引擎
2864,20%
2865,分發式政策
2866,腿
2867,12歲
2868,比利時人
2869,1000米
2870,馬關條約
2871,黨
2872,大陸性季風氣侯
2873,214
2874,81席
2875,過渡時期憲法
2876,幽州、交州
2877,段思平
2878,1953年
2879,不知道散彈槍
2880,平遠縣。抗戰結束後遷回廣州市。國共內戰後期，隨著廣東省全境易手，廣東省政府遷往海南特別行政區海口市
2881,社會學
2882,雌雄同體
2883,物種
2884,戰鬥機
2885,泰國
2886,2000年
2887,15年
2888,
2889,臺灣外交困境
2890,第26屆
2891,武漢大學
2892,第三心音
2893,1989年
2894,史達林
2895,
2896,美國
2897,廣州鐵路公司
2898,航太
2899,社交活動
2900,孫傳芳
2901,襄樊之戰
2902,亞歷山大·羅德
2903,阿卡狄烏斯念
2904,9月
2905,《農書》
2906,周恩來
2907,中世紀中期
2908,瑞派克競賽
2909,庫曼語
2910,台南
2911,精神醫學
2912,蕃童教育所
2913,1987年
2914,發願
2915,6月1日
2916,阿爾沃蘭海
2917,主動宣傳還要見效
2918,一家機構的現金增減變動情形
2919,1923年
2920,鏡廳
2921,安帝
2922,
2923,托列斯海峽
2924,日本社會黨
2925,印度洋
2926,兩年
2927,大致平坦的地貌
2928,磷礦石
2929,美國
2930,克羅埃西亞
2931,1512年
2932,成熟階段
2933,肌萎縮性脊髓側索硬化症
2934,農耕為主的漢族居地之間活動，並逐漸定居，改成以農業生活
2935,哈德良
2936,《關於托勒密和哥白尼兩大世界體系的對話》
2937,遺傳物質帶入細胞。可發生於完整活體或是細胞培養
2938,發明
2939,種族區分
2940,金正日
2941,盧安達
2942,阿森納
2943,厄爾布魯士峰
2944,南京國民政府
2945,明朝
2946,武器設計製造
2947,2002年
2948,
2949,50個
2950,1830年
2951,溫帶氣候特點
2952,1874年
2953,維吾爾語
2954,金泳三
2955,擅長隨心所欲控制自己的體重
2956,新生代時期
2957,憲政改革
2958,重慶機
2959,成吉思汗
2960,電動機
2961,宗教
2962,聯合國
2963,內需市場
2964,商業價值
2965,翻版金日成
2966,啟德機場
2967,瑞士
2968,日本
2969,愛爾蘭語
2970,沉默寡言
2971,
2972,敦煌石窟
2973,鍾祥蘭台宮
2974,朝鮮
2975,1972年
2976,航空工業始於1910年，歷史悠久，實力強大。協和飛機
2977,兩天
2978,喀喇汗國
2979,颶風戰鬥機
2980,黨內上層
2981,1932年
2982,1952年
2983,葛摩
2984,2003年1月12日
2985,海道針經
2986,紐科門
2987,村民委員會
2988,
2989,長崎縣經濟
2990,《韓國憲法》
2991,
2992,宿衛軍
2993,
2994,1637年
2995,西晉
2996,西人黨
2997,8月下旬
2998,墨西哥
2999,一次世界大戰時期
3000,大朝鮮國
3001,麻省理工建築與規劃學院是全美第一所建築學院，一直以來設計了不少風格前衛的建築物。第一批建於劍橋校園的大樓
3002,熱帶稀樹草原
3003,1171年
3004,《日韓合併條約》
3005,羽柴秀吉
3006,統治階級
3007,民國四十三年
3008,眾議院議員總選舉
3009,魏源
3010,保祿六世
3011,阿拉伯宗教
3012,布政司署
3013,
3014,思想多元化、商業經濟發達與交通便利
3015,七年戰爭
3016,艾瑪·史東
3017,1652年
3018,第三產業
3019,自轉軸的兩極
3020,大理州
3021,25個
3022,喬治·史蒂芬生
3023,查士丁尼一世
3024,華北平原
3025,振州
3026,諾蓋人
3027,李時珍
3028,舊莫比爾
3029,埃及
3030,辛亥革命
3031,六十年代
3032,十年
3033,伊斯蘭教
3034,兵部右侍郎兼都察院右都御史
3035,六四天安門事件
3036,周恩來
3037,《北京條約》
3038,2008年
3039,1958年
3040,森林覆蓋率
3041,國民議會
3042,竹[UNK]魚
3043,動方
3044,生活部
3045,歐洲工業文明
3046,15566人
3047,
3048,300公厘
3049,廖內省
3050,南宋洪邁
3051,淮安區
3052,土地起伏大
3053,靜谷再北為春耦齋
3054,2002年
3055,50%
3056,西里爾字母
3057,荷蘭人
3058,中國共產黨紀律檢查機關
3059,第五大
3060,契約經濟
3061,
3062,
3063,保護蒙古人地位
3064,財經
3065,資本主義
3066,太監
3067,金正恩
3068,戰艦
3069,戰勝國
3070,明朝
3071,哈利里德
3072,1867年
3073,劉少奇
3074,90年代
3075,溫尼伯國際機場
3076,朝鮮民主主義人民共和國
3077,布爾什維克革命
3078,2
3079,
3080,黑龍江
3081,
3082,巫家壩
3083,八王之亂
3084,居民委員會
3085,民國29年
3086,第二帝國時期
3087,1969年初
3088,通化市
3089,鄭成功
3090,烏茲別克斯坦
3091,玉米
3092,樺樹
3093,建設性的互補夥伴關係
3094,2006年
3095,賽丁泉天文台
3096,法西斯主義
3097,史都華的影迷太多
3098,馬加人
3099,1938年
3100,巴西
3101,儒家思想
3102,直腿
3103,駱克道
3104,71.7公里
3105,拜占庭帝國
3106,收縮性
3107,廣電總局
3108,十三翼之戰
3109,艾森豪
3110,不同的檢查站
3111,通惠河
3112,雲貴高原
3113,喀喇汗國
3114,1914年
3115,紅衫軍運動
3116,大元
3117,烏來區
3118,綠窗口
3119,電壓
3120,希臘文化
3121,幽州
3122,過多不同族裔分據各方的政局，仍然有動盪不穩定的隱憂
3123,庫倫戰敗
3124,1970年代
3125,
3126,寧王朱宸濠突然舉事
3127,周恩來
3128,貴霜帝國
3129,1956年
3130,南海縣
3131,華府風雲》
3132,韓國
3133,成法
3134,22.97平方公里
3135,李東陽
3136,1919年
3137,[UNK]糯
3138,角動量
3139,印度教
3140,青天白日勳章
3141,尼古拉杜霍寧
3142,浙江紹興浙軍第二旅第六團第三連當見習官
3143,
3144,信陽市
3145,13世紀
3146,1867年
3147,日本武士時代
3148,武大
3149,貝爾格勒
3150,豐田汽車
3151,政府財政撥款
3152,1918年
3153,1972年
3154,高架電纜在1888年發明後，首條使用接觸網供電的電氣化鐵路在1892年啟用。第二次世界大戰後，以柴油
3155,荷蘭
3156,騎士
3157,有絲分裂
3158,卡爾施塔特
3159,拉丁字母亦成為了南島語系諸語的書寫系統：過往在馬來群島上各種語言都是使用阿拉伯字母
3160,最簡單的醇類
3161,1987年
3162,《三國演義》
3163,黃琪翔
3164,中國人民銀行
3165,都市
3166,玫瑰盃
3167,2008年
3168,土地改革
3169,[UNK].[UNK].[UNK][UNK]
3170,荷蘭皇家研究所的通訊員
3171,周恩來
3172,1739年
3173,美茵河畔法蘭克福，是德國中西部的黑森邦
3174,柏林圍牆
3175,男子商人合營技術學院
3176,商業上的活力
3177,忻城縣
3178,東側
3179,田春蔚
3180,冬季奧運會
3181,動物命名法
3182,農礦部
3183,艾薩克·牛頓
3184,馬薩諸塞州
3185,7世紀
3186,第一個階段
3187,塞爾維亞
3188,麗貝卡·布蘭克
3189,17年。在1966年開始的「文化大革命」中，田漢被打成「右派」，於1968年含冤去世。其作品亦被認為有「政治問題」，所以禁止演唱用田漢作詞的《義勇軍進行曲》，《東方紅》
3190,1945年戰爭
3191,公元前37年
3192,同化政策，禁止韓語的使用，強迫韓國文壇日語化
3193,莫敦梅
3194,北京
3195,1942年中之前這些部隊一起被編入到戰爭末期
3196,文藝復興主義
3197,巴爾幹
3198,15年
3199,商朝
3200,俗世什一稅
3201,貨幣經濟影響
3202,
3203,1949年
3204,諾曼人
3205,切羅基人
3206,31個
3207,新傾向派文學
3208,板橋區貴興路
3209,北竿島
3210,拉彼魯茲
3211,奧圖·普萊明傑
3212,1235年
3213,莫高窟
3214,火力發電廠
3215,馬其頓內部革命組織
3216,2017年
3217,伊斯蘭哈里發軍隊
3218,台北港特定區
3219,物理光學
3220,波多黎各
3221,1929年
3222,上層文人
3223,鱷魚
3224,多瑙河
3225,35號決議
3226,客車整備
3227,被日本人鎮壓
3228,江北地區
3229,希臘文化
3230,19世紀
3231,中山
3232,匈奴人
3233,鐵穆爾
3234,倭國
3235,1949年
3236,
3237,會長
3238,美國國家稅務局
3239,昆明巫家壩國際機場
3240,豐田汽車
3241,兩棲動物
3242,全國邊海防工作
3243,西南部
3244,1961年
3245,馬爾吉特
3246,13世紀
3247,星系天文學
3248,陸帆•巴瑞斯
3249,漢族
3250,24位
3251,小高加索山脈
3252,
3253,軍事科研
3254,中國共產黨紀律檢查機關
3255,風暴
3256,民主黨
3257,1636年四月
3258,人性本善
3259,戰事進入膠著對峙狀態
3260,文化大革命
3261,公元第二世紀
3262,戰鬥機
3263,大蒙古國
3264,漢朝軍事壓力
3265,1926年
3266,中午
3267,鄧小平
3268,昆明
3269,華萊士
3270,膨脹成為紅超巨星
3271,金大中
3272,布爾什維克革命
3273,民國元年
3274,1927年
3275,1233年
3276,2013年
3277,
3278,網路龐克
3279,克薩蒂瓦
3280,維多利亞湖
3281,《天體運行論》
3282,馬英九
3283,相聲演員
3284,朱文圭
3285,巴夏禮
3286,廣島市
3287,監理會
3288,毒品
3289,韓國網速每秒流量為14百萬位元／秒，是全球平均網速的約7倍，而美國50個州中網速最快的德拉瓦州
3290,沒有
3291,1891米
3292,馬來西亞
3293,烏爾蘇拉
3294,92%
3295,李[UNK]
3296,西伯利亞平原東南部
3297,第十屆全國人大第五次會議
3298,馬林諾夫斯基
3299,
3300,
3301,江陵素
3302,消極的制度
3303,李宗仁
3304,
3305,1971年
3306,1282年
3307,速度上的優勢
3308,蒙古語與漢語，然而一些說法認為入聲字最早被認為在元朝官話消失。文字通用漢文
3309,亞美尼亞高原
3310,用來指揮小隊或中隊
3311,明朝
3312,動物脂肪
3313,一級公路
3314,奈及利亞
3315,1955年
3316,8市83町村
3317,君士坦丁堡
3318,路易·菲利普
3319,中華民國政府
3320,1912年
3321,1965年
3322,鐵
3323,伊斯蘭教法
3324,9世紀
3325,芬雅克
3326,內蒙古
3327,獅子外型
3328,宋高宗
3329,威武陳元帥廟
3330,美元
3331,黑矮星
3332,獅子派
3333,乾隆
3334,功利主義
3335,1998年
3336,西班牙
3337,步兵指揮官
3338,成吉思汗時代
3339,政體並未完全掌控社會經濟
3340,地中海
3341,1908年
3342,1980年
3343,團長文慶鎮及王在山輕音樂團的一名成員等九人因為傳播色情而被處決，並且牡丹峰組合成員
3344,君士坦丁八世
3345,空氣汙染
3346,1949年
3347,岳飛
3348,劉牢之
3349,三
3350,卓袱
3351,五分之四
3352,洋人
3353,民族主義復活
3354,法國、比利時和盧森堡交界，西部是荷蘭，北面與丹麥
3355,臺灣國語
3356,集安
3357,1970年
3358,有毒化合物硫化氫後有一股臭味
3359,李·亞科卡
3360,五年
3361,
3362,特瓦族
3363,髒層
3364,加壓
3365,遺傳物質
3366,軍國主義
3367,海什木
3368,2006年
3369,白[UNK]紀中期
3370,約翰•貝茨•克拉克獎
3371,克勞德夏農
3372,不列顛印度軍隊
3373,1932年
3374,人口較南方多出許多
3375,1964年
3376,通俗科幻小說雜誌
3377,法語
3378,政治主張
3379,行政院正門攻入，是為「323佔領行政院事件
3380,合肥市政府
3381,理查特里維西克
3382,一線天目前仍屬重要軍事基地
3383,彌爾
3384,《續資治通鑑長編》
3385,幽默
3386,普洱市
3387,738年
3388,美國
3389,貨物運輸十分不利
3390,非常小
3391,1961年
3392,計劃經濟體制
3393,英國鑑於俄國
3394,聶耳
3395,模特兒
3396,1284年
3397,民國27年
3398,天城體
3399,96
3400,2005年3月20日
3401,43.4%
3402,路易十三
3403,喬治•赫伯特•沃克•布希
3404,1936年
3405,拒絕王公在無嗣的情況下選擇繼承人
3406,伊利諾州
3407,紀元前後繁榮於古羅馬政權治下的文學。其主要語言是拉丁語。儘管古羅馬共和國誕生於公元前510年，但按照慣例，真正意義上的古羅馬文學則從公元前240年
3408,沃爾芬比特爾
3409,行為不檢點
3410,沖積
3411,義陽
3412,第二代
3413,黃大仙區
3414,世祖
3415,1930年代
3416,巴西爾二世
3417,元世祖至元十七年
3418,鋼鐵和陶瓷
3419,德川家康
3420,哈大客運專線
3421,中國民間藝術之鄉
3422,佛教
3423,恰克圖條約
3424,熱帶雨林氣候是蘇里南的主要氣候類型，長年高溫多雨
3425,1月6日獨裁
3426,聖凱薩琳教堂
3427,淡水縣
3428,協助自殺
3429,西晉
3430,美國[UNK]電視台電視劇，也是被許多媒體和觀眾認為的歷史上最偉大的電視劇《火線重案組》就以巴爾的摩市
3431,1985年
3432,7980年
3433,1991年
3434,11世紀
3435,郭松齡
3436,1935年
3437,歐」型恆星
3438,政治主張
3439,天皇
3440,2014年
3441,補抽鄉
3442,股份制
3443,兩年
3444,導彈
3445,1976年
3446,你吃飯了嗎？
3447,15個
3448,宋公
3449,希洛分基地
3450,漢地大都
3451,
3452,瀛台
3453,普羅斯佩·梅里美、維歐勒·勒·杜克
3454,鄧小平
3455,大量男子偷渡來港，香港70年代男女性未婚人口比一度去到，香港女性的擇偶條件變得非常高
3456,克拉科夫及立陶宛大公國首都維爾紐斯
3457,民國時期
3458,聯邦調查局》
3459,雜交帶
3460,2000年代
3461,《魔戒》
3462,1958年
3463,儒家思想
3464,1954年
3465,12架
3466,粵西
3467,1897年
3468,中華人民共和國國務院的組成部門，相當於內閣
3469,1920年
3470,元弘之亂
3471,玻里尼西亞鼠泛濫成災
3472,倭王權
3473,中環
3474,1991年
3475,約瑟夫
3476,大部分的時間都在國外生活
3477,正拍
3478,大爆炸理論
3479,庫納巴拉班
3480,良好行為
3481,造田興水
3482,中華人民共和國
3483,朱棣
3484,49
3485,軍隊士兵主要由穆斯林和印度教徒構成
3486,亞俄
3487,東漢
3488,1941年
3489,生命線
3490,機場快線
3491,薩爾布呂肯地區
3492,張仲景的醫學臨床著作《傷寒雜病論》
3493,歐洲
3494,古坡詩語
3495,威廉瓊斯
3496,網魚
3497,1974年
3498,馬祖列島
3499,交通部觀光局
3500,2000年
3501,白犬列島
3502,燈塔
3503,
3504,兩小時
3505,臺灣
3506,馬祖福，隆海花卉
3507,連江縣政府
3508,元宵節
3509,
3510,每年農曆九月初九重陽節
3511,馬住
3512,芙蓉酥
3513,軍事重地
3514,
3515,北幹最美麗的村落，存在大量骨折海盜襲擊的食物
3516,晴川
3517,235歲
3518,網球
3519,體育運動
3520,網球比賽的觀衆數目衆多，四大滿貫賽
3521,主裁判
3522,主裁判
3523,主裁判
3524,中林網球賽事包括網球大滿貫
3525,國家
3526,中林網球賽事
3527,半西方式握拍
3528,半西方式握拍
3529,半西方式握拍
3530,14世紀
3531,手掌
3532,下旋
3533,得分
3534,生育禮堂
3535,八條線
3536,一局比賽結束
3537,平局
3538,領先對手兩分及以上
3539,四年
3540,四年
3541,四年
3542,27.828
3543,新北市
3544,新北市
3545,板橋車站
3546,板橋車站
3547,主管機關
3548,公共自行車租賃系統
3549,淡水河
3550,新北市
3551,58
3552,海洋音樂季
3553,新北市政府文化局
3554,2007年10月1日
3555,120
3556,平溪天燈
3557,新北市
3558,2052平方公里
3559,
3560,瑞典
3561,藝術擴充，早在二世紀就出現了，基督誕生的畫像，繼續以不同的藝術形式出現，直到今天。最初的基督教藝術
3562,雅客
3563,書信體
3564,雅客
3565,約翰文書
3566,約翰
3567,語言概念
3568,約翰
3569,屬馬利亞
3570,
3571,聯邦制
3572,歐盟
3573,出資
3574,2001年3月
3575,城市的地價相對較高
3576,今天
3577,大規模永久性防禦設施
3578,城市規劃
3579,北京東橫街區
3580,長安古城，北京東橫街區可見一斑。空間規劃核心是土地的合理利用，中國的第一部現代城市規劃法
3581,美軍基地
3582,美國郵政高得多
3583,夏威夷檀香山
3584,季節性
3585,關島地區醫療城
3586,2012年9月
3587,關道偉，1997年8月6日，大韓航空801號班機空難的發生地，一架波音747，於降落時撞擊米之三，造成機上254人中228人死亡
3588,關島
3589,安納塔漢島
3590,安納塔漢島
3591,安納塔漢島
3592,各季節溫度
3593,東方
3594,混凝土結構
3595,哈爾斯山脈
3596,
3597,奧斯納布魯克
3598,糙米
3599,速食米
3600,光球層
3601,質量
3602,二疊紀，三點系滅絕事件，結束於白[UNK]紀第三紀
3603,七克蘇魯伯撞擊事件
3604,盤古大陸
3605,知識碳系晚期
3606,白[UNK]紀
3607,費力組織
3608,非營利組織
3609,非營利組織
3610,會員大會
3611,宣傳模特兒
3612,展場模特兒
3613,
3614,貴族封建制度一九。儒家及中央之貴族，大名及地方之諸侯，有權分封土地，其享有資源，下屬的武士等同於西方中世紀貴族
3615,部落爲基礎設備單位
3616,政客
3617,政客
3618,政客
3619,617事件，蘇聯駐德部隊參與了鎮壓
3620,1961年8月12日晚上開始，13日
3621,1961年8月12日
3622,年輕人
3623,
3624,布拉格之春
3625,勃列日涅夫
3626,1971年4月10日
3627,44年
3628,1989年
3629,第一條
3630,德國
3631,政法意志力
3632,1950年代
3633,1950年代
3634,計劃經濟
3635,500席
3636,布拉格之春
3637,十佳心理折磨，很難取證
3638,移民
3639,1990年
3640,蘇聯
3641,統一社會黨
3642,500
3643,1985年
3644,社會主義
3645,私家博物館
3646,劇院，40個教授，11000，私家博物館
3647,1957年，東德有10471座普通教育學校，1988年公立學校的數量。1950年有1583座職業學校，而1988年爲955座。1857年
3648,
3649,人文學科
3650,天主教
3651,1945年
3652,馬克思主義學說
3653,蘇聯
3654,基本法和西柏林憲法
3655,金大中
3656,釜山
3657,溫帶落葉闊葉林
3658,
3659,大韓航空成立於1962年，是韓國
3660,16頭
3661,液化天然氣井，第二大。韓國石油消費居世界第一。2007年人均石油消費16頭。韓國有很大規模的原油加工工業，但是所有原油都是進口，因爲韓國境內目前，四大石油
3662,韓國
3663,韓國
3664,三星重工
3665,2007年5月
3666,韓國科學技術研究院
3667,韓國
3668,總統
3669,朝鮮半島
3670,儒教治國
3671,甲午戰爭
3672,韓國
3673,南北對峙
3674,別墅，10%的，不應在裝飾上去的浮華
3675,三國時期
3676,民間口頭傳說
3677,日本無條件投降
3678,電影
3679,民主化
3680,2000年
3681,2000年
3682,豬肉
3683,豬肉
3684,
3685,乳全身益生菌
3686,韓國
3687,韓式泡菜
3688,韓國燒酒
3689,2790060
3690,5583064名
3691,多倫多
3692,4月中旬
3693,35度
3694,冬天
3695,多倫多皮爾遜國際機場
3696,多倫多皮爾遜國際機場
3697,
3698,
3699,多倫多
3700,多倫多
3701,多倫多
3702,1500年
3703,多倫多的位置時，附近有修倫部落
3704,1787年
3705,1793年
3706,1793年
3707,1834年3月6日
3708,鐵路
3709,1921年
3710,
3711,1107萬平方公里
3712,清末
3713,甲午戰爭
3714,康熙年間
3715,呼倫貝爾總管
3716,光緒末年
3717,理藩院
3718,外藩蒙古
3719,西藏
3720,美琪攝一族領
3721,高句麗
3722,精英政治制度
3723,王都成
3724,王都成
3725,公孫淵
3726,突厥
3727,突厥
3728,唐漢新羅
3729,唐漢
3730,南蘇木底
3731,668年
3732,新羅
3733,新羅
3734,新羅
3735,體積
3736,中醫
3737,不確定性
3738,機構
3739,格力
3740,負面
3741,紫色絲病非常接近民居
3742,比爾蓋茨
3743,比爾蓋茨首次以私人名譽及公積金。其他著名校園建築包括了加壓風洞及傳播水池，用於測試海上船隻或設備模型。麻省理工
3744,功課
3745,秋季學期
3746,瑪格麗特
3747,224名
3748,物理學
3749,總統科技顧問委員會
3750,47位
3751,伊拉克部長理事會
3752,路易斯委員會
3753,人文的重要性
3754,1949年
3755,
3756,魯本斯
3757,美術博物館
3758,65萬人
3759,法蘭西人
3760,19世紀末
3761,第二次世界大戰
3762,旅遊業
3763,第二
3764,萊茵河航運中央委員會
3765,
3766,凱爾特人
3767,杜伊斯堡
3768,神聖羅馬帝國
3769,漢陽爾薩斯
3770,馬賽曲
3771,19世紀
3772,德意志帝國
3773,高亭
3774,歐洲文藝復興
3775,音樂家
3776,1650年
3777,後現代主義
3778,政治哲學
3779,城市漢國家
3780,柏拉圖
3781,基督教思想
3782,馬基維利
3783,蘇聯時期
3784,電力
3785,
3786,成都平原
3787,峨眉山
3788,宋朝
3789,嘉定府
3790,中世紀期間，奧斯陸的人口數翻了一番，達到3500人。在1300年
3791,挪威國王哈康五世
3792,1314年
3793,黑死病
3794,瑞典隊
3795,1854年
3796,國家劇院
3797,新城區
3798,1854年
3799,克里斯蒂安尼亞
3800,商朝時期
3801,商朝時期
3802,郡縣制
3803,琅琊國
3804,布爾什維克民兵
3805,6月
3806,指戰員
3807,扣留家屬爲人質
3808,漢芬蘭
3809,莫斯科和平協定
3810,蘇聯漢芬蘭
3811,德意志國防軍
3812,蘇聯政府
3813,外國侵略
3814,周興國
3815,候補中央委員
3816,三個月
3817,解放軍
3818,教黃厝村塔頭社
3819,美國第七艦隊
3820,蔡英文
3821,蔡英文
3822,1912年
3823,1912年
3824,革命
3825,共產黨員在國民黨
3826,中山
3827,1930年
3828,南昌起義
3829,1945年
3830,渡江戰役
3831,1955年
3832,廣州
3833,陳炯明
3834,北伐必敗論
3835,盧溝橋事變
3836,棗莊
3837,中共
3838,香港氣象中心
3839,弱智
3840,1985年
3841,烏拉圭世界盃
3842,加林查
3843,1958年
3844,烏拉圭世界盃
3845,巴西在小組賽分別與賽事東道主阿根廷
3846,世界盃金球獎
3847,1998年
3848,倫敦奧運
3849,2014年世界盃
3850,坡心鎮
3851,民主黨
3852,7月
3853,德懷特艾森豪
3854,豬灣入侵
3855,強生
3856,案
3857,非裔美國人
3858,保守白人票源，以及在北方都市天主教支持度
3859,廢除種族隔離法條
3860,埃莉諾羅斯福
3861,共和黨
3862,黑人
3863,能源部
3864,通信
3865,維吉尼亞州
3866,白人男性
3867,共和黨革命
3868,加拿大
3869,白水門事件
3870,史蒂芬道格拉斯
3871,凡爾賽條約
3872,威爾遜
3873,歐洲議會
3874,第11次
3875,2007年
3876,潘基文
3877,2月
3878,達洛夫
3879,2010年
3880,
3881,卡拉巴赫
3882,1100公尺
3883,新美天津大理石
3884,1920年
3885,亞塞拜然
3886,蘇聯
3887,卡拉巴赫
3888,赫哲族
3889,唐代
3890,堪察加半島
3891,1284年
3892,努兒乾地方
3893,明朝
3894,二妹公司
3895,江戶幕府
3896,嘉禾二年
3897,公孫淵
3898,公孫淵
3899,15
3900,梅雨時期
3901,2010年
3902,九州旅客鐵道
3903,舊石器時代
3904,舊石器時代遺蹟
3905,雲山之石墓羣
3906,舊石器時代遺蹟
3907,佐世堡
3908,葡萄牙人
3909,斯洛文尼亞
3910,斯洛文尼亞
3911,單一民族國家
3912,克羅埃西亞主義
3913,1991年
3914,馬其頓共和國
3915,南斯拉夫反法西斯人民解放委員會
3916,1945年
3917,2月
3918,南斯拉夫
3919,沙文主義
3920,會主義體制
3921,1980年
3922,失業率攀升
3923,分配地方權力
3924,遺傳物質技術
3925,分子複製技術
3926,基因工程
3927,1973年
3928,研究
3929,增加器官移植成功率
3930,凝血因子
3931,小鼠雜交瘤
3932,
3933,複製
3934,基因轉殖生物
3935,同源基因
3936,加拿大
3937,美國憲法
3938,17歲
3939,美國綠卡
3940,國家安全會議
3941,人文組織
3942,水泥
3943,複合材料
3944,天南土木建築
3945,天南土木建築
3946,可塑性
3947,孔明車
3948,臺灣
3949,45公里
3950,亞當斯密
3951,赤字
3952,祈福列車
3953,倫敦
3954,安全
3955,丁磊
3956,出售郵件系統軟體授權
3957,丁磊在廣州創立，公司商標使用傳統漢字網名。在初期，網易的主要業務是出售郵件系統軟體授權，1998年推出了163.com，爲域名的免費爲郵件服務，163
3958,網際網路泡沫破滅
3959,1997年
3960,分析通訊系統
3961,發信機
3962,精神障礙
3963,躁鬱症
3964,精神障礙
3965,精神障礙
3966,精神障礙
3967,四川
3968,世兵制
3969,泰晤士報
3970,泰晤士報
3971,倫敦時報
3972,保守黨
3973,米蘭
3974,378年
3975,西哥特人談判，他結束了西哥特人隊東部帝國的威脅，但他也不再打算重新征服吸毒帝國
3976,阿瓦爾人
3977,安提俄
3978,廣州
3979,神話人物黃帝
3980,宋教仁
3981,江南平原
3982,市長
3983,民主聖地
3984,王永清
3985,黃大勇
3986,騰訊
3987,沈佳宜
3988,
3989,張之洞
3990,1923年
3991,李達
3992,法國
3993,2013年
3994,威廉吉爾伯特
3995,吉爾古特
3996,班傑明富蘭克林
3997,班傑明富蘭克林
3998,琥珀摩擦實驗
3999,熱能
4000,同級發電機
4001,蒸汽渦輪發動機將熱能轉換成動力，驅動這種發電機進行，發電，認識的其他種人，內容豐厚，水利也可以用來發電。這種發電機的外形絲毫不像法拉利找錢，發明的同級發電機。但是他所根據的運動的女人就是法拉第定律
4002,變形
4003,赤腳上
4004,日出
4005,五部
4006,美國電影藝術與科學學院
4007,普勞圖斯
4008,更具成熟追求形式的完美
4009,米蘭德
4010,磨山
4011,四
4012,距離比較遠之故
4013,七天三小時
4014,公元前2600年
4015,明兒
4016,尼羅河
4017,恆河
4018,美國電影藝術與科學學院
4019,奧斯卡金像獎
4020,20卡，金像獎金獎，20考講話，20卡是每年由美國電影藝術與科學學院
4021,瑪格麗特喝力克女士
4022,奧斯卡
4023,審委員
4024,1939年
4025,盛業大廈大學
4026,伯伯
4027,教師教學質量不好
4028,戊戌變法是木
4029,梁啓超
4030,徐才厚
4031,徐才厚
4032,蘇聯或獨立國協
4033,李提摩太
4034,康有爲
4035,義和拳
4036,歐美日列強
4037,2007年
4038,21196.18公里
4039,零三十七
4040,漢長城
4041,蒙古境內戈壁
4042,漢
4043,朝鮮平壤
4044,契丹
4045,明朝
4046,點燃煙火
4047,長城
4048,中英煙臺條約
4049,中英煙臺條約，其中規定英國可向重慶派駐領事。1890年3月31日，中英簽訂新訂煙臺條約續增專條
4050,重慶
4051,重慶
4052,
4053,抗日戰爭
4054,重慶
4055,火災演習
4056,重慶
4057,重慶
4058,兵工廠
4059,沙坪壩公園
4060,
4061,重慶
4062,外貿
4063,第七
4064,子工業
4065,重慶
4066,馬關條約
4067,非人爲的危險
4068,蓄意攻擊
4069,天蠍是裝甲的防護方式，可用來對抗高爆反坦克彈
4070,幾點鐘鬧鐘叫
4071,語音輸入法幫他培訓社區的辦公摩天大樓
4072,陳水扁
4073,2005年
4074,巡撫
4075,中國共產黨
4076,香港總督
4077,1895年
4078,麥克，桑德
4079,反對同性婚姻的人
4080,
4081,1995年
4082,同性婚姻法
4083,戀男性
4084,不受社會福利保障的困境
4085,騰訊會員
4086,荷蘭
4087,荷蘭
4088,荷蘭
4089,1884年
4090,德國
4091,1939年
4092,1929年
4093,貝爾德
4094,太空遊客
4095,60歲
4096,
4097,英國
4098,1989年
4099,波蘭
4100,綠島
4101,火燒山
4102,兩個
4103,那些自以爲快樂爲目標的人
4104,米爾頓
4105,19世紀
4106,大般若經
4107,玄奘法師
4108,宋朝
4109,東吳大學
4110,2014年
4111,無法
4112,閩南語
4113,1945年
4114,1966年
4115,1942年
4116,1942年
4117,1942年
4118,美國電影學會
4119,1985年
4120,1991年
4121,1948年
4122,小白兔
4123,優秀西部片
4124,1947年
4125,學位
4126,1945年
4127,
4128,洛杉磯西木區
4129,史都華
4130,1949年
4131,基督教
4132,祁漢吉米史都華
4133,政治
4134,1939年
4135,密實度話
4136,豐臣秀吉
4137,1592年
4138,岩石圈
4139,有岩漿冷卻凝固
4140,大西洋，印度洋
4141,一個月
4142,持續過高時，就會整段
4143,心臟病
4144,生產地
4145,英國
4146,日本
4147,1984年
4148,2008年
4149,阿伊努人
4150,安醫龍
4151,
4152,1899年
4153,日本政府
4154,釣魚臺
4155,山羊
4156,山羊
4157,釣魚臺主權的爭議
4158,15世紀
4159,1918年
4160,1909年
4161,美軍戰機
4162,航路標誌法
4163,1月14日
4164,1857年
4165,巴麥尊
4166,巴麥尊
4167,1858年
4168,5月20日
4169,2011年
4170,仙台市
4171,東芝
4172,業績不佳，財報造假而面臨倒閉風險。2015年7月爆發，涉及高達16億美元的會計造假案件，主要爲來自晶片及半導體部門的虛假營銷
4173,1984年
4174,2006年
4175,
4176,公元372年
4177,北魏藝術風格
4178,印度佛教文化
4179,印尼
4180,
4181,語言形式
4182,12世紀
4183,水墨畫
4184,漢明帝
4185,20級
4186,南北朝時期
4187,高浮雕
4188,唐朝
4189,高窟
4190,莫高窟
4191,約翰克希爾
4192,
4193,君主制
4194,匈牙利
4195,激進黨
4196,政治原因被監禁
4197,1921年
4198,拉丁文
4199,倭寇
4200,南宋
4201,清同治年間
4202,愛情萬歲
4203,劉若英
4204,2001年
4205,馬莎正式進入義工隊服役，隔年2月21級怪受，則分別因扁平足及地中海貧血症狀
4206,1790年
4207,貝爾福
4208,貝爾福
4209,1939年
4210,皇家自由醫院
4211,皇家自由醫院，吉倫大學院附屬醫院
4212,1906年
4213,威爾金斯樓」或是?[SEP]倫敦大學學院的本部校園坐落於倫敦市中心的布魯姆斯伯裏區，接近高仁杰。這裏曝光了學校大部分的院系設置，主圖書館，倫敦大學學院劇院，幾輪大學院附屬醫院。著名校園建築
4214,理事會
4215,理事會，負責監管學校的政策及未來的發展方向。理事會共有20萬美元，11位是校外成員，西魏
4216,中國民主建國會
4217,文化教育界高級人士
4218,文化教育界
4219,宋慶齡
4220,1945年
4221,國際聯盟
4222,58個
4223,凡爾賽條約
4224,1960年
4225,1960年
4226,外圍賽
4227,歐洲足球錦標賽
4228,西班牙
4229,抽籤
4230,1927年
4231,1927年
4232,法國
4233,南斯拉夫
4234,地區性國際政治組織
4235,非洲
4236,內蒙古自治區
4237,關內
4238,朝陽市
4239,四個
4240,國防大臣，三軍司令由現役四星上將
4241,
4242,波斯灣東南岸
4243,1960年代
4244,商業模式
4245,英國
4246,1820年
4247,很合理的稅制
4248,1966年
4249,1975年
4250,2006年
4251,七
4252,皇家法律
4253,142個
4254,綠線
4255,1947年
4256,黑人
4257,1960年
4258,法律制裁
4259,募兵以後，人招收不到足夠士兵時才使用的手段，強迫某些羅馬公民入伍，如不接受，將會導致法律制裁。由於募兵一般都能滿足病人需求，徵兵情況就很少發生了，而且使用這種強迫式的手法，會使羅馬公民感到非常不滿，實際上的這種情景就更少了。但是輔助軍團的士兵來源就不那麼懷舊了。共和末期
4260,羅馬公民權
4261,奧古斯都
4262,薪水
4263,百夫長
4264,河南
4265,2002年
4266,黃河鐵路公路大橋
4267,1952年
4268,南國農
4269,蕭樹滋
4270,蕭樹滋
4271,李克東
4272,饅頭叫[UNK]包
4273,[UNK]包
4274,[UNK]包
4275,黔湘渝三省市交界之霧靈山區。南寧，黔東南州
4276,丘陵
4277,黔湘渝三省市交界之霧靈山區
4278,西德
4279,磚石
4280,邊防系統
4281,柏林圍牆
4282,四個
4283,1949年
4284,1949年
4285,1961年
4286,烏利希
4287,客座教授
4288,肝癌
4289,1978年
4290,1977年
4291,1978年
4292,國際奧委會第48屆年會
4293,中華人民共和國
4294,宋美齡
4295,分離主義
4296,李烈鈞
4297,李烈鈞
4298,人家軍事委員會
4299,肝臟
4300,治療偏頭痛
4301,麥角胺
4302,英國
4303,1711年
4304,英國
4305,漢韻盈
4306,文化大革命
4307,漢韻盈
4308,漢韻盈
4309,香港站
4310,1998年
4311,青衣站
4312,九龍站
4313,
4314,微博號
4315,漢江看水
4316,峽谷
4317,私立研究型
4318,1740年
4319,華頓商學院
4320,第四
4321,唐朝
4322,劍橋大學
4323,92英畝
4324,獸醫學院
4325,血液
4326,露點溫度
4327,土耳其
4328,柏林
4329,1920年
4330,1997年
4331,俄羅斯聯邦
4332,共和國元首
4333,第二次世界大戰
4334,中南海
4335,明代
4336,中南海
4337,新方定北海
4338,袁世凱
4339,袁世凱
4340,新華門
4341,新華門
4342,1975年
4343,彰化市
4344,1966年
4345,平原區
4346,1959年
4347,張老師是彰化縣人口最多的行政區，一位全國人口最多的縣轄市也有234000多人，同時也是全國人口第三祕籍的現象是，僅次於新竹縣竹北市級花蓮縣，花蓮市
4348,張老師是彰化縣人口最多的行政區，一位全國人口最多的縣轄市也有234000多人，同時也是全國人口第三祕籍的現象是，僅次於新竹縣竹北市級花蓮縣，花蓮市
4349,四年
4350,市政會議
4351,加入歐盟
4352,
4353,337年
4354,723公里
4355,
4356,723公里，這條邊界在俄國方面，很多部分屬於北高加索聯邦區，依次是由西至東分別爲，克拉斯諾達爾聯邦區
4357,歐盟國家而與俄羅斯
4358,農業
4359,計劃經濟
4360,2006年
4361,拜占庭
4362,
4363,1923年9月1日
4364,1933年
4365,九龍寨城
4366,九龍城是香港18區之一，九龍城區的中心部分，名稱起源於19世紀清政府駐軍的九龍寨城及九龍強村之一，城牆後於二戰期間被日軍拆毀，當時九龍戰神
4367,1998年
4368,九龍城區
4369,拮据
4370,1917年
4371,一個月
4372,省立第11示範學校第二期
4373,1934年
4374,蔣中正傾注南昌，行營指揮，顧祝同
4375,
4376,廣州行營
4377,西班牙語
4378,
4379,黃河
4380,海東市
4381,1914年
4382,九江市
4383,49.2%
4384,3.92萬畝
4385,3.92萬畝
4386,喜馬拉雅山
4387,6656米
4388,喜馬拉雅山脈
4389,
4390,諾伊大學
4391,1943年
4392,1899年
4393,圈養個體的物種的術語。生物在地球上有週期性的大滅絕，在大滅絕
4394,人類
4395,金正恩
4396,社會主義市場經濟體制
4397,金正恩
4398,2009年
4399,金正恩
4400,第149位
4401,卡蓋拉河
4402,2006年
4403,公路網絡
4404,農村
4405,1974年
4406,盧旺達國家歌舞團
4407,聯合國
4408,圖西族
4409,君主制
4410,特瓦族
4411,1999年
4412,新臺址
4413,2010年
4414,央視網
4415,1988年
4416,2009年初
4417,文本
4418,所有日常的意義活動
4419,文化不只是傳統上所謂的精緻藝術與普普藝術，還包括了所有日常的意義活動
4420,58勝24負
4421,羅馬隊
4422,紐約尼克
4423,2003年
4424,21負
4425,2003年
4426,真人
4427,波子
4428,道士
4429,正一派
4430,英國
4431,約翰羅納德魯埃爾托爾金
4432,華格納
4433,芬蘭
4434,1913年
4435,1968年
4436,1815年
4437,1934年
4438,風光
4439,人權狀況
4440,20世紀
4441,清末民初
4442,王怡
4443,戶籍制度
4444,有相當多的地區實施站住制度來限制公民自由。中國頒佈了勞動法，並保護勞動者的合法權益
4445,六四事件
4446,中華人民共和國外交部發言人
4447,中華人民共和國外交部發言人
4448,人
4449,美國
4450,價值爭議
4451,苦修隱居
4452,蔣中正
4453,畜牧業
4454,三次社會大分工
4455,解體
4456,19世紀
4457,拿破崙
4458,清發
4459,1857年
4460,1867年
4461,外交戰略失誤
4462,1870年
4463,德意志帝國
4464,1873年
4465,1850年
4466,實權
4467,實權完全
4468,中華人民共和國
4469,2000年
4470,戰國時期
4471,四季
4472,都江堰市以世界著名古代水利工程都江堰而得名，見於戰國時期的獨角燕，歷經2000多年風雨，人發揮着越來越巨大的作用，千年五八股諺
4473,中國大陸
4474,問你伯
4475,溫尼伯湖
4476,冰河時期
4477,皮毛貿易
4478,1611年
4479,蘇維埃俄國政府
4480,1987年
4481,航空運輸
4482,空鐵聯運
4483,機場聯絡軌道系統
4484,2395平方公里
4485,雲南省大理白族自治州
4486,衝鋒槍
4487,衝鋒槍
4488,卡賓槍
4489,可以
4490,日本
4491,第一次世界大戰當中的[UNK]壕戰
4492,美國
4493,mp5在涉及的準確度以及整體的性能上比較齊的衝鋒槍有很大的進步。因此，mp5系列在1980年的倫敦伊朗大使館瑕疵人質事件當中大出風頭，執行攻堅任務的英國
4494,1960年
4495,陝西省
4496,長江水系
4497,中南部
4498,副熱帶季風氣候
4499,秦嶺
4500,描寫秦嶺山路的作品是?[SEP]就是對秦嶺山麓的描寫。現已建成多條穿越秦嶺的鐵路和高速公路
4501,1912年
4502,
4503,第一次世界大戰
4504,日治時期
4505,1927年
4506,大東亞戰爭
4507,中日戰爭
4508,修改日美安保條約
4509,日美安保條約
4510,健康
4511,
4512,貪污
4513,一連串的醜聞
4514,日本社會黨
4515,平成時代
4516,飛鳥時代
4517,天智天皇
4518,587年
4519,587年
4520,源平合戰
4521,1185年
4522,北條時政掌握，北條政子
4523,女媧
4524,人首蛇身
4525,始祖
4526,
4527,統計力學
4528,1977年
4529,北美洲
4530,空氣稀薄的山區
4531,1540年
4532,葡萄牙人
4533,方濟各沙勿略
4534,印度
4535,朱迪
4536,和談破裂
4537,失敗
4538,七月初十
4539,保定
4540,朱莉
4541,873人
4542,近年之一時，朱莉得到了很多來自宦官的幫助
4543,大明軍紛紛叛變
4544,景龍
4545,中央軍委一次獲勝的機會是嘟嘟或能公章，一門幾乎要攻下時，因背離所容所繫只得停止。功敗垂成。農曆十月，北平
4546,郭英
4547,潮州體育館
4548,民間體育活動
4549,潮州市體委
4550,中國四大古橋
4551,2001年
4552,亞熱帶海洋性季風氣候
4553,潮州人民
4554,潮州
4555,2008年成爲兩岸首批滬通開放港口。潮州人多地少
4556,
4557,14800日元
4558,1995年
4559,民族主義
4560,15.7億
4561,穆斯林世界
4562,賓夕法尼亞州
4563,世界鋼都
4564,2006年
4565,p之寶鋼人隊
4566,石灰石
4567,地理環境看，匹茲堡附近地區的煤礦石灰石，和鐵礦石蘊藏量豐富，加上內河港口的運輸便利
4568,匹茲堡
4569,文藝復興
4570,瑞士近衛隊
4571,米開蘭，基羅
4572,意大利
4573,積極進攻
4574,基拉奇
4575,中國南海
4576,西沙羣島
4577,國共內戰
4578,日本開始全面侵華。1939年4月9日，日本入侵西沙羣島，並驅逐佔領永興島的法國人員，西沙羣島完全被日軍佔領。1945年，中國
4579,法國
4580,王世傑
4581,第二次國共內戰失利後
4582,1950年
4583,美國公路邊的加油站附屬小店
4584,1980年代
4585,
4586,阿斯頓公園球場
4587,阿斯頓維拉
4588,1987年
4589,5000000美元
4590,1987年
4591,1961年
4592,嘉靖九年
4593,三層
4594,祈年殿
4595,七星石
4596,巴西庫裏奇巴
4597,巴西庫裏奇巴
4598,1859年
4599,物種起源或物種源自全稱，論處在生存競爭中的，物種之起源，是達爾文論述生物演化
4600,
4601,1860
4602,土瓜灣
4603,土瓜灣道工廠大廈
4604,2012年
4605,25個
4606,西奧多羅斯福
4607,完顏宗弼
4608,周之偉
4609,完顏宗弼
4610,後勤的問題
4611,不能
4612,二週
4613,水準測量
4614,莫須有
4615,政治人物
4616,
4617,6月
4618,2001年
4619,大興區
4620,河洛
4621,甲午戰爭
4622,施朗
4623,馬關條約
4624,50年
4625,本省人
4626,1980年代
4627,1980年代
4628,亞洲四小龍
4629,1996年
4630,李登輝
4631,李登輝
4632,多元文化主義
4633,臺灣
4634,海拔高度
4635,臺灣海峽的隔離
4636,1972年
4637,烏山頭水庫
4638,1972年
4639,
4640,日治時期前期
4641,擺脫石油危機
4642,1987年
4643,臺灣政黨
4644,日治時期
4645,21個
4646,中華人民共和國
4647,世界衛生組織
4648,臺灣醫界聯盟基金會
4649,2009年
4650,臺灣文化基金會
4651,中華民國國際經濟合作協會
4652,1995年
4653,元宵節
4654,元宵節
4655,香火鼎盛
4656,清治時期
4657,
4658,零食
4659,英語
4660,1932年
4661,詞語不通
4662,金瀟明
4663,16世紀
4664,中國
4665,27個
4666,日本文化
4667,
4668,鄉土意識
4669,中華隊
4670,臺灣
4671,巧固球
4672,臺灣
4673,繁殖
4674,氾濫成災
4675,飛機起降架次
4676,100億
4677,四川省
4678,萬佛頂
4679,粵語
4680,粵語
4681,中國的哪一個朝代
4682,瑞士
4683,瑞士
4684,阿爾卑斯山脈
4685,荷蘭
4686,1948年
4687,德國
4688,德國
4689,英國
4690,英國
4691,混合動力技術
4692,國家郵政局
4693,
4694,1995年
4695,44名
4696,1972年
4697,1972年
4698,田納西州
4699,1998年
4700,高爾
4701,2008年
4702,英國
4703,量子力學
4704,1999年
4705,1999年
4706,底拉克
4707,佛羅里達
4708,迪拉克
4709,科本哈根
4710,真空極化
4711,1930年
4712,不想出名
4713,認知花店磁場中的起點的文章中，第八課探討了吃蛋雞
4714,1937年
4715,婆羅門教
4716,天道
4717,一個過程
4718,
4719,新的地點
4720,洋務運動
4721,蔣公玉棟
4722,穆斯林
4723,啓蒙時期
4724,十字軍東征
4725,歐洲
4726,宗教激進主義
4727,科學革命
4728,承兌論
4729,劉銘傳
4730,舊金山和約
4731,毛澤東
4732,支持日本關于歸還領土的要求是中國的一貫政策
4733,中國大陸
4734,公元三世紀
4735,張一俊
4736,1992年
4737,俄羅斯聯邦沒有完全接替該國，最後仍爲俄羅斯聯邦主體之一
4738,1992年
4739,1944年
4740,普京
4741,中華人民共和國政府過去未正式承認，唐努烏梁海的歸屬問題的官方表述，最炫民族風社出版的各國概況指出，蘇聯
4742,哭泣
4743,18
4744,食物中毒
4745,專屬經濟區有純經濟海域，是指國際海洋法中解決國家之間的，因，海域爭端而提出的一個區域概念。專屬經濟區
4746,澳洲
4747,澳洲
4748,下議院
4749,五年
4750,信任案
4751,愛爾蘭
4752,蘇格蘭與愛爾蘭
4753,愛德華二世
4754,國內的貴族政治與神職人員影響重大
4755,需對，權力來源的選民負責
4756,行政院話
4757,宋代
4758,蘇菲派
4759,北高加索
4760,一二八事變
4761,1932年
4762,上海北站
4763,1983年
4764,1983年
4765,鐵道部
4766,工程打樁
4767,1982年
4768,華東建築設計院
4769,
4770,
4771,福建籍
4772,三成
4773,香港的金融中心地位則比新加坡更優越，在大多數金融中心排名上，香港
4774,2004年
4775,南陽敏
4776,全鋼島
4777,香港
4778,香港
4779,香港
4780,香港人籍貫都是香港，而主機可以有多個說法，但一般都是以元末明初各省的遷移
4781,北宋
4782,香港
4783,六七暴動後的香港運動
4784,1950年
4785,深圳
4786,荃灣新市鎮
4787,流動性減低
4788,荃灣新市鎮
4789,九龍東。這些區域性的一名漢子，我連個明細分開，拒絕有關，當然現今因爲廣州話的通行，不少人已經佔居，但仍有很多人在某地區
4790,廣東
4791,1945年
4792,經商而致富
4793,中西區
4794,中西區
4795,潮州人
4796,人一很長
4797,英國
4798,郭春秧
4799,閩東人
4800,郭鶴年
4801,歐洲
4802,太平天國戰亂
4803,港
4804,大量廣州人因太平天國戰亂涌入九龍，而來港的人口又以男性比例較多
4805,1970年
4806,
4807,山水瘦肉粥街
4808,1960年代
4809,山水瘦肉粥街
4810,13%
4811,青龍教
4812,多男少
4813,51286人，語音44165人，男比女多7121人
4814,1161
4815,1954年
4816,航程不足
4817,臺灣
4818,金剛計劃
4819,蘇聯政府
4820,2月24日的飛龍計劃中，全部撤離南極島，大成軍品轉移工作順利完成，測孕得擡一包，共16487人。大陳島四天
4821,中央山脈
4822,臺東市
4823,鯉魚山
4824,元旦
4825,1976年
4826,非中國共產黨黨員
4827,取決於擔任者在中國共產黨內的地位和職務
4828,1982年
4829,雅克考文
4830,新石器時代
4831,劉傳仁等在省內也建立革命團體
4832,民國17年
4833,民國19年
4834,民國34年
4835,晉冀魯豫漢中原解放區
4836,中原軍區
4837,湖北省
4838,潛江高石碑鎮
4839,呂亮
4840,南京
4841,假宣傳
4842,腹背受敵。現在南昌空虛，我軍銳氣正盛，可以一舉攻破。敵軍聽說南昌失守，定會回師來救，這是我們在博洋湖迎擊，他肯定能取得勝利
4843,照舊參贊，機務兵
4844,正德16年
4845,高原
4846,漢高
4847,南極
4848,斷層
4849,聯邦總理
4850,只要聯邦部長，並圈定德國聯邦政府的政治方針。張力是由德國聯邦會議，根據聯邦總統的建議，未經辯論的選舉產生，再經聯邦總統任命
4851,1871年
4852,互相制衡
4853,總統和內閣
4854,約翰洛克
4855,美國
4856,出國民議會
4857,1974年
4858,受到1974年葡萄牙康乃馨革命影響
4859,孫中山
4860,
4861,2005年
4862,國防部
4863,12架
4864,中華人民共和國
4865,安徽省
4866,一處
4867,巴士海峽
4868,美國工業工程師學會
4869,科學管理
4870,產業工程
4871,
4872,星期日南華早報
4873,1903年
4874,1903年
4875,北京
4876,李旺陽
4877,2006年
4878,電訊盈科
4879,阿里，不哥
4880,
4881,大蒙古國
4882,元世祖
4883,1668年，元世祖發起全面送之戰，首先派劉振宇25率軍攻打襄陽市，稱，襄樊之戰。1274年
4884,沒收已解決朝廷的財政問題
4885,任用理財派官員來解決財政問題
4886,1260年
4887,忽必烈
4888,1260年
4889,忽必烈
4890,徐壽輝部
4891,福建
4892,
4893,1388年
4894,城關
4895,刑審
4896,1260年
4897,1234年
4898,法國
4899,1316年
4900,馬可波羅遊記
4901,1217年
4902,蒙古軍
4903,官田
4904,
4905,自然災害
4906,畜牧業
4907,鳥寧靜
4908,林百欣
4909,專賣政策
4910,元朝
4911,元朝
4912,元朝
4913,陳真將
4914,伊斯蘭教
4915,成吉思汗西征時，潛伏許多西域回教國家
4916,王羲之
4917,草書
4918,趙夢瑤
4919,元朝
4920,阿布札
4921,約魯巴
4922,阿達馬瓦高原
4923,南非
4924,南非
4925,
4926,燕京大學
4927,中國協和醫學院
4928,美國
4929,中華人民共和國政府
4930,2005年
4931,舊金山和約
4932,1970年代
4933,中國大陸
4934,亞太營運中心
4935,2002年
4936,年代
4937,幼兒托教，另一項問題[SEP]年代，臺灣省主席謝東閔提倡客廳及工廠成爲一道奇觀。大量的農村人口涌入城市，導致過度會人口激增，形成了大臺北地區等多塊錢。隨着人口的流動，家庭結構也隨之變化小
4938,1970年代
4939,原住民族
4940,1947年
4941,1950年代
4942,高雄市
4943,三七事件
4944,1999年
4945,19世紀末
4946,重商政策盛行，進口猛增，與此同時，本土生產含出口極少，導致印度民族工業也急需銳減，只有得益於全球產業革命
4947,奧斯曼伊斯蘭政權
4948,阿姆利則慘案
4949,加爾各答
4950,後勤補給的中斷
4951,罪行
4952,白色抗爭
4953,1997年
4954,1960年代
4955,1960年代
4956,三季隊
